source,line,literal_or_template_fragment
streamlit.py,38,page01
streamlit.py,39,page02
streamlit.py,40,page03
streamlit.py,41,page04
streamlit.py,42,page05
streamlit.py,43,page06
streamlit.py,44,page07
streamlit.py,45,page08
streamlit.py,47,page06
streamlit.py,29,📊
streamlit.py,30,wide
streamlit.py,31,expanded
streamlit.py,48,admin
streamlit.py,7,src
streamlit.py,28,app.browser_title
streamlit.py,51,app.title
streamlit.py,52,app.caption
streamlit.py,55,workflow_page
streamlit.py,56,workflow_page
streamlit.py,58,navigation.workflow
streamlit.py,60,workflow_page
streamlit.py,62,app.active_evidence
streamlit.py,8,src
streamlit.py,59,navigation.
src/components/auth.py,19,auth.title
src/components/auth.py,20,auth.caption
src/components/auth.py,21,login
src/components/auth.py,29,admin
src/components/auth.py,22,auth.username
src/components/auth.py,22,login_username
src/components/auth.py,23,auth.password
src/components/auth.py,23,password
src/components/auth.py,23,login_password
src/components/auth.py,24,auth.sign_in
src/components/auth.py,24,stretch
src/components/auth.py,32,user
src/components/auth.py,14,auth.signed_in
src/components/auth.py,15,auth.log_out
src/components/auth.py,15,stretch
src/components/auth.py,15,logout
src/components/auth.py,35,auth.invalid
src/components/auth.py,14,roles.
src/components/data_source.py,23,pipelines
src/components/data_source.py,24,pipelines
src/components/data_source.py,33,runs
src/components/data_source.py,55,analysis_root
src/components/data_source.py,62,pending_workspace
src/components/data_source.py,77,admin
src/components/data_source.py,23,docs
src/components/data_source.py,24,docs
src/components/data_source.py,27,*.png
src/components/data_source.py,37,run_summary.json
src/components/data_source.py,56,source.title
src/components/data_source.py,59,source.baseline
src/components/data_source.py,65,workspace_selector
src/components/data_source.py,68,source.workspace
src/components/data_source.py,69,workspace_selector
src/components/data_source.py,103,valid
src/components/data_source.py,22,raw
src/components/data_source.py,37,08_full_pipeline
src/components/data_source.py,78,source.standard_user
src/components/data_source.py,81,source.upload_title
src/components/data_source.py,82,source.upload_caption
src/components/data_source.py,84,source.upload_label
src/components/data_source.py,84,global_dataset_upload
src/components/data_source.py,98,source.rows
src/components/data_source.py,99,source.columns
src/components/data_source.py,99,columns
src/components/data_source.py,100,source.schema_gate
src/components/data_source.py,102,issues
src/components/data_source.py,113,source.process
src/components/data_source.py,114,primary
src/components/data_source.py,115,stretch
src/components/data_source.py,117,process_uploaded_dataset
src/components/data_source.py,120,%Y%m%dT%H%M%SZ
src/components/data_source.py,121,_
src/components/data_source.py,124,ai_jobs_market_2025_2026.csv
src/components/data_source.py,135,source.run_label
src/components/data_source.py,139,prediction_queue
src/components/data_source.py,140,last_prediction_batch
src/components/data_source.py,22,data
src/components/data_source.py,37,outputs
src/components/data_source.py,42,source.run_label
src/components/data_source.py,84,csv
src/components/data_source.py,87,source.no_file
src/components/data_source.py,100,status.pass
src/components/data_source.py,100,status.fail
src/components/data_source.py,104,source.schema_passed
src/components/data_source.py,106,source.schema_failed
src/components/data_source.py,108,stretch
src/components/data_source.py,109,source.expected_columns
src/components/data_source.py,110,stretch
src/components/data_source.py,122,runs
src/components/data_source.py,124,raw
src/components/data_source.py,141,source.completed
src/components/data_source.py,93,source.parse_failed
src/components/data_source.py,98,rows
src/components/data_source.py,98,","
src/components/data_source.py,100,valid
src/components/data_source.py,110,field_table
src/components/data_source.py,116,valid
src/components/data_source.py,124,data
src/components/data_source.py,126,source.running
src/components/data_source.py,136,best_model
src/components/data_source.py,40,utf-8
src/components/data_source.py,43,best_model
src/components/data_source.py,43,?
src/components/data_source.py,109,valid
src/components/data_source.py,136,raw_shape
src/components/data_source.py,43,raw_shape
src/components/data_source.py,131,source.stopped
src/components/data_source.py,43,?
src/components/language.py,9,app_language
src/components/language.py,25,EN
src/components/language.py,34,settings.language
src/components/language.py,22,*.json
src/pages/common.py,32,info
src/pages/common.py,208,info
src/pages/common.py,29,$
src/pages/common.py,40,"
    <style>
    .block-container {padding-top: 1.0rem; padding-bottom: 2rem; max-width: 1580px;}
    [data-testid=""stMetric""] {
        background: rgba(125, 160, 210, 0.08) !important;
        border: 1px solid rgba(125, 160, 210, 0.22) !important;
        padding: 12px 14px !important;
        border-radius: 12px !important;
    }
    [data-testid=""stMetricLabel""] {
        font-size: 0.85rem !important;
        font-weight: 500 !important;
        opacity: 0.88 !important;
    }
    [data-testid=""stMetricValue""] {
        font-size: 1.35rem !important;
        font-weight: 700 !important;
        word-break: break-word !important;
        white-space: normal !important;
    }
    .stage-note {background: rgba(88, 191, 163, 0.1); border-left: 5px solid #58bfa3; padding: 12px 16px; border-radius: 8px; margin: 8px 0 14px 0;}
    .small-note {background: rgba(246, 227, 178, 0.1); border: 1px solid rgba(246, 227, 178, 0.3); padding: 10px 14px; border-radius: 10px;}
    </style>
    "
src/pages/common.py,81,closest
src/pages/common.py,146,No data available for the current filters.
src/pages/common.py,147,Job Domain
src/pages/common.py,158,Skills
src/pages/common.py,165,Experience
src/pages/common.py,172,Company
src/pages/common.py,183,Geography
src/pages/common.py,190,Demand / Benefits
src/pages/common.py,220,🔎
src/pages/common.py,222,#f4f9ff
src/pages/common.py,229,#9bc8f2
src/pages/common.py,19,r
src/pages/common.py,24,r
src/pages/common.py,78,margin
src/pages/common.py,79,margin
src/pages/common.py,80,hovermode
src/pages/common.py,81,hovermode
src/pages/common.py,85,stretch
src/pages/common.py,113,#### 
src/pages/common.py,114,stretch
src/pages/common.py,116,common.download_csv
src/pages/common.py,117,utf-8
src/pages/common.py,119,text/csv
src/pages/common.py,156,.
src/pages/common.py,163,.
src/pages/common.py,170,.
src/pages/common.py,181,.
src/pages/common.py,188,.
src/pages/common.py,198,.
src/pages/common.py,219,interpretation.title
src/pages/common.py,230,<div><b>
src/pages/common.py,230,</b> 
src/pages/common.py,230,</div>
src/pages/common.py,232,"
        <div style=""background:"
src/pages/common.py,233,;border:1px solid 
src/pages/common.py,233,;border-left:5px solid 
src/pages/common.py,233,";padding:12px 15px;border-radius:10px;margin:8px 0 16px 0;"">
          <div style=""font-weight:700;margin-bottom:6px;"">"
src/pages/common.py,234,"</div>
          <div><b>"
src/pages/common.py,235,</b> 
src/pages/common.py,235,"</div>
          <div><b>"
src/pages/common.py,236,</b> 
src/pages/common.py,236,"</div>
          "
src/pages/common.py,237,"
        </div>
        "
src/pages/common.py,15,outputs
src/pages/common.py,19,utf-8
src/pages/common.py,24,utf-8
src/pages/common.py,29,",.0f"
src/pages/common.py,35,info
src/pages/common.py,85,displaylogo
src/pages/common.py,85,responsive
src/pages/common.py,120,dl_
src/pages/common.py,132,h
src/pages/common.py,137,outside
src/pages/common.py,140,"%{text:,.2f}"
src/pages/common.py,140,outside
src/pages/common.py,154,Dominant job-domain labels by cluster: 
src/pages/common.py,161,Average normalized skill count by cluster: 
src/pages/common.py,168,Mean years of experience by cluster: 
src/pages/common.py,179,Most common company size by cluster: 
src/pages/common.py,186,Most common country by cluster: 
src/pages/common.py,193,Demand/benefits means by cluster: 
src/pages/common.py,220,info
src/pages/common.py,220,success
src/pages/common.py,220,warning
src/pages/common.py,220,error
src/pages/common.py,220,🔎
src/pages/common.py,220,✅
src/pages/common.py,220,⚠️
src/pages/common.py,220,⛔
src/pages/common.py,221,info
src/pages/common.py,221,success
src/pages/common.py,221,warning
src/pages/common.py,221,error
src/pages/common.py,221,#f4f9ff
src/pages/common.py,221,#f2fbf5
src/pages/common.py,221,#fff9ed
src/pages/common.py,221,#fff2f2
src/pages/common.py,225,info
src/pages/common.py,226,success
src/pages/common.py,227,warning
src/pages/common.py,228,error
src/pages/common.py,225,#9bc8f2
src/pages/common.py,226,#9bd7ad
src/pages/common.py,227,#f3c96b
src/pages/common.py,228,#ef9b9b
src/pages/common.py,19,outputs
src/pages/common.py,24,artifacts
src/pages/common.py,118,.csv
src/pages/common.py,137,"%{text:,.0f}"
src/pages/common.py,230,interpretation.action
src/pages/common.py,235,interpretation.observed
src/pages/common.py,236,interpretation.meaning
src/pages/common.py,35,info
src/pages/common.py,35,warning
src/pages/common.py,35,success
src/pages/common.py,35,error
src/pages/common.py,98,_
src/pages/common.py,155,; 
src/pages/common.py,162,; 
src/pages/common.py,169,; 
src/pages/common.py,180,; 
src/pages/common.py,187,; 
src/pages/common.py,194,; 
src/pages/common.py,149,job_category
src/pages/common.py,155,C
src/pages/common.py,155,: 
src/pages/common.py,162,C
src/pages/common.py,162,: 
src/pages/common.py,169,C
src/pages/common.py,169,: 
src/pages/common.py,174,company_size
src/pages/common.py,180,C
src/pages/common.py,180,: 
src/pages/common.py,184,country
src/pages/common.py,187,C
src/pages/common.py,187,: 
src/pages/common.py,195,C
src/pages/common.py,195,: demand 
src/pages/common.py,195,", benefits "
src/pages/common.py,149,cluster
src/pages/common.py,174,cluster
src/pages/common.py,184,cluster
src/pages/common.py,191,cluster
src/pages/common.py,191,demand_score
src/pages/common.py,191,benefits_score_10
src/pages/common.py,159,skill_count
src/pages/common.py,166,years_of_experience
src/pages/common.py,159,cluster
src/pages/common.py,166,cluster
src/pages/model_evidence.py,15,validation
src/pages/model_evidence.py,16,training
src/pages/model_evidence.py,17,development
src/pages/model_evidence.py,18,historical_test
src/pages/model_evidence.py,19,threshold
src/pages/model_evidence.py,20,prediction
src/pages/model_evidence.py,21,uncertainty
src/pages/model_evidence.py,22,actual
src/pages/model_evidence.py,23,neutral
src/pages/model_evidence.py,15,#1976D2
src/pages/model_evidence.py,16,#F28E2B
src/pages/model_evidence.py,17,#F28E2B
src/pages/model_evidence.py,18,#D32F2F
src/pages/model_evidence.py,19,#B71C1C
src/pages/model_evidence.py,20,#00897B
src/pages/model_evidence.py,21,#F9A825
src/pages/model_evidence.py,22,#C62828
src/pages/model_evidence.py,23,#6B7280
src/pages/model_evidence.py,25,P1
src/pages/model_evidence.py,25,P2
src/pages/model_evidence.py,25,P3
src/pages/model_evidence.py,25,stretch
src/pages/model_evidence.py,26,#00897B
src/pages/model_evidence.py,26,#1976D2
src/pages/model_evidence.py,26,#00796B
src/pages/model_evidence.py,26,#1565C0
src/pages/model_evidence.py,28,MAE
src/pages/model_evidence.py,29,MedAE
src/pages/model_evidence.py,30,RMSE
src/pages/model_evidence.py,31,R²
src/pages/model_evidence.py,32,CV
src/pages/model_evidence.py,33,Residual
src/pages/model_evidence.py,34,q90
src/pages/model_evidence.py,28,Mean absolute error: the average absolute dollar difference between prediction and actual salary; lower is better.
src/pages/model_evidence.py,29,"Median absolute error: the middle absolute dollar error, which is less influenced by extreme misses."
src/pages/model_evidence.py,30,Root mean squared error: a dollar error measure that gives larger misses more weight; lower is better.
src/pages/model_evidence.py,31,"Explained variance relative to a mean baseline. One is ideal, zero matches the baseline, and negative values are worse than it."
src/pages/model_evidence.py,32,Cross-validation: repeated development-period evaluation. Here the folds follow recorded temporal order.
src/pages/model_evidence.py,33,Actual salary minus predicted salary. Positive means the model predicted below the actual value.
src/pages/model_evidence.py,34,"The 90th percentile of historical absolute error. It is an empirical reference, not a guaranteed confidence interval."
src/pages/model_evidence.py,71,Evidence conclusion
src/pages/model_evidence.py,85,files
src/pages/model_evidence.py,110,Dummy Median
src/pages/model_evidence.py,111,Reference baseline
src/pages/model_evidence.py,112,validation_MAE_mean
src/pages/model_evidence.py,114,Insufficient evidence
src/pages/model_evidence.py,115,Below baseline
src/pages/model_evidence.py,115,At/above baseline
src/pages/model_evidence.py,128,available
src/pages/model_evidence.py,129,finding
src/pages/model_evidence.py,130,why_it_matters
src/pages/model_evidence.py,131,limit
src/pages/model_evidence.py,132,decision_or_use
src/pages/model_evidence.py,130,The report will not infer a result from incomplete evidence.
src/pages/model_evidence.py,131,Restore or regenerate evidence that matches the current data format before interpretation.
src/pages/model_evidence.py,137,model
src/pages/model_evidence.py,137,validation_MAE_mean
src/pages/model_evidence.py,147,validation_MAE_mean
src/pages/model_evidence.py,158,Dummy-relative improvement is unavailable
src/pages/model_evidence.py,160,available
src/pages/model_evidence.py,161,finding
src/pages/model_evidence.py,165,why_it_matters
src/pages/model_evidence.py,166,limit
src/pages/model_evidence.py,167,decision_or_use
src/pages/model_evidence.py,166,This ranks frozen candidate configurations on DEV folds; it does not replace the saved-model identity or prove a causal fit diagnosis.
src/pages/model_evidence.py,167,"Use this ranking to compare candidate-family evidence, not to auto-promote a model."
src/pages/model_evidence.py,172,model
src/pages/model_evidence.py,172,fold_id
src/pages/model_evidence.py,172,validation_MAE
src/pages/model_evidence.py,180,validation_period
src/pages/model_evidence.py,184,available
src/pages/model_evidence.py,185,finding
src/pages/model_evidence.py,189,why_it_matters
src/pages/model_evidence.py,190,limit
src/pages/model_evidence.py,191,decision_or_use
src/pages/model_evidence.py,190,Fold variation is descriptive and does not identify the economic or modeling cause.
src/pages/model_evidence.py,191,Review the weakest period before relying on the mean alone.
src/pages/model_evidence.py,196,MAE
src/pages/model_evidence.py,196,MedAE
src/pages/model_evidence.py,196,RMSE
src/pages/model_evidence.py,196,R2
src/pages/model_evidence.py,209,decreased
src/pages/model_evidence.py,213,increased
src/pages/model_evidence.py,215,available
src/pages/model_evidence.py,216,finding
src/pages/model_evidence.py,217,why_it_matters
src/pages/model_evidence.py,218,limit
src/pages/model_evidence.py,219,decision_or_use
src/pages/model_evidence.py,219,"Use the paired metrics as retrospective generalization diagnostics, not a future guarantee."
src/pages/model_evidence.py,224,q90_abs_error_usd
src/pages/model_evidence.py,224,coverage
src/pages/model_evidence.py,224,row_count
src/pages/model_evidence.py,224,RMSE
src/pages/model_evidence.py,224,MedAE
src/pages/model_evidence.py,231,available
src/pages/model_evidence.py,232,finding
src/pages/model_evidence.py,236,why_it_matters
src/pages/model_evidence.py,241,limit
src/pages/model_evidence.py,242,decision_or_use
src/pages/model_evidence.py,241,Coverage was measured on the same historically scored population; it is not a calibrated future confidence interval.
src/pages/model_evidence.py,242,Use the band as an empirical risk reference alongside the point estimate.
src/pages/model_evidence.py,247,feature_variant
src/pages/model_evidence.py,247,evaluation
src/pages/model_evidence.py,247,MAE
src/pages/model_evidence.py,247,row_count
src/pages/model_evidence.py,271,available
src/pages/model_evidence.py,272,finding
src/pages/model_evidence.py,273,why_it_matters
src/pages/model_evidence.py,274,limit
src/pages/model_evidence.py,275,decision_or_use
src/pages/model_evidence.py,273,The comparison isolates the fixed feature-set change on the same historical population.
src/pages/model_evidence.py,274,Top-2 reused frozen full-model settings and was not independently tuned or promoted from test results.
src/pages/model_evidence.py,275,Use Top-2 for the controlled two-input scenario UI; do not infer causal feature sufficiency.
src/pages/model_evidence.py,282,hyperparameter
src/pages/model_evidence.py,282,optimal_value
src/pages/model_evidence.py,282,best_cv_r2
src/pages/model_evidence.py,282,best_cv_mae
src/pages/model_evidence.py,290,available
src/pages/model_evidence.py,291,finding
src/pages/model_evidence.py,292,why_it_matters
src/pages/model_evidence.py,293,limit
src/pages/model_evidence.py,294,decision_or_use
src/pages/model_evidence.py,292,The displayed sweeps show local sensitivity around the inherited workflow rather than a new UI-time search.
src/pages/model_evidence.py,293,The search was non-nested DEV evaluation ranked by R²; sweep winners do not independently establish future optimality.
src/pages/model_evidence.py,294,Read applied settings from the saved model contract and use sweeps only as supporting evidence.
src/pages/model_evidence.py,299,predicted_salary_usd
src/pages/model_evidence.py,299,validation_mode
src/pages/model_evidence.py,309,scenario
src/pages/model_evidence.py,309,scenarios
src/pages/model_evidence.py,310,actual
src/pages/model_evidence.py,310,actuals
src/pages/model_evidence.py,312,available
src/pages/model_evidence.py,313,finding
src/pages/model_evidence.py,317,why_it_matters
src/pages/model_evidence.py,321,limit
src/pages/model_evidence.py,327,decision_or_use
src/pages/model_evidence.py,327,Compare controlled scenarios; do not treat point estimates or bands as compensation guarantees.
src/pages/model_evidence.py,342,train_MAE_mean
src/pages/model_evidence.py,411,fold_id
src/pages/model_evidence.py,474,MAE
src/pages/model_evidence.py,474,MedAE
src/pages/model_evidence.py,474,RMSE
src/pages/model_evidence.py,541,actual_salary_usd
src/pages/model_evidence.py,55,**Report question**
src/pages/model_evidence.py,63,How to read these metrics
src/pages/model_evidence.py,78,decision_or_use
src/pages/model_evidence.py,87,.csv
src/pages/model_evidence.py,105,Top-2 model is unavailable
src/pages/model_evidence.py,110,model
src/pages/model_evidence.py,120,coerce
src/pages/model_evidence.py,129,Conclusion unavailable — missing 
src/pages/model_evidence.py,129,.
src/pages/model_evidence.py,143,at least two candidate validation-MAE rows
src/pages/model_evidence.py,149,at least two finite candidate validation-MAE rows
src/pages/model_evidence.py,152,Dummy Median
src/pages/model_evidence.py,156,% lower than the Dummy reference
src/pages/model_evidence.py,162, has the lowest mean temporal-validation MAE at $
src/pages/model_evidence.py,163,.
src/pages/model_evidence.py,165,It leads 
src/pages/model_evidence.py,165, by $
src/pages/model_evidence.py,165, and is 
src/pages/model_evidence.py,165,.
src/pages/model_evidence.py,181, (
src/pages/model_evidence.py,181,)
src/pages/model_evidence.py,186,Fold 
src/pages/model_evidence.py,186, is the weakest 
src/pages/model_evidence.py,186, period at $
src/pages/model_evidence.py,187, validation MAE.
src/pages/model_evidence.py,189,Validation MAE spans $
src/pages/model_evidence.py,189," across the recorded folds, so performance is not temporally uniform."
src/pages/model_evidence.py,198,matching CV and historical-test metrics
src/pages/model_evidence.py,206,finite matching CV and historical-test metrics
src/pages/model_evidence.py,209,increased
src/pages/model_evidence.py,209,was unchanged
src/pages/model_evidence.py,213,decreased
src/pages/model_evidence.py,213,was unchanged
src/pages/model_evidence.py,216,Historical-test MAE 
src/pages/model_evidence.py,216, by $
src/pages/model_evidence.py,216, versus final-configuration DEV CV.
src/pages/model_evidence.py,217,Median absolute error changed by 
src/pages/model_evidence.py,217, USD; test RMSE is $
src/pages/model_evidence.py,217,.
src/pages/model_evidence.py,218,R² 
src/pages/model_evidence.py,218, by 
src/pages/model_evidence.py,218,; the historical test was already exposed to scoring and is not pristine.
src/pages/model_evidence.py,228,"q90, coverage, population, RMSE and MedAE"
src/pages/model_evidence.py,233,The ±$
src/pages/model_evidence.py,233, historical-error band covers 
src/pages/model_evidence.py,234, of 
src/pages/model_evidence.py,234, scored rows.
src/pages/model_evidence.py,239,The RMSE/MedAE tail ratio is unavailable because MedAE is zero.
src/pages/model_evidence.py,253,feature_variant
src/pages/model_evidence.py,255,matched full and Top-2 historical-test rows
src/pages/model_evidence.py,256,full
src/pages/model_evidence.py,256,top2
src/pages/model_evidence.py,258,finite full and Top-2 historical-test MAE
src/pages/model_evidence.py,260,equal full and Top-2 historical-test populations
src/pages/model_evidence.py,263,Top-2 historical-test MAE is $
src/pages/model_evidence.py,263, lower than the full model on 
src/pages/model_evidence.py,263, matched rows.
src/pages/model_evidence.py,284,validated tuning sensitivity summary
src/pages/model_evidence.py,286,", "
src/pages/model_evidence.py,291,The inherited evidence records 
src/pages/model_evidence.py,291, one-parameter sensitivity sweeps; the saved model applies 
src/pages/model_evidence.py,291,.
src/pages/model_evidence.py,301,a current nonempty prediction result snapshot
src/pages/model_evidence.py,302,coerce
src/pages/model_evidence.py,304,finite batch predictions
src/pages/model_evidence.py,306,a finite nonnegative q90 error reference
src/pages/model_evidence.py,314, range from $
src/pages/model_evidence.py,314, to $
src/pages/model_evidence.py,315, in predicted annual salary.
src/pages/model_evidence.py,318,The batch has 
src/pages/model_evidence.py,318, known 
src/pages/model_evidence.py,318,; the empirical historical-error reference is ±$
src/pages/model_evidence.py,319,.
src/pages/model_evidence.py,325,"All scenarios use strict observed DEV bounds, but historical q90 still does not guarantee future coverage."
src/pages/model_evidence.py,337,Validation MAE
src/pages/model_evidence.py,339,outside
src/pages/model_evidence.py,353,validation_MAE_mean
src/pages/model_evidence.py,362,Train and temporal-validation error
src/pages/model_evidence.py,365,group
src/pages/model_evidence.py,375,validation_MAE_mean
src/pages/model_evidence.py,380,Validation / train MAE
src/pages/model_evidence.py,382,outside
src/pages/model_evidence.py,388,Validation R²
src/pages/model_evidence.py,389,y2
src/pages/model_evidence.py,390,lines+markers+text
src/pages/model_evidence.py,392,top center
src/pages/model_evidence.py,397,Error ratio and explained variance
src/pages/model_evidence.py,416,Validation MAE
src/pages/model_evidence.py,418,outside
src/pages/model_evidence.py,424,Train MAE
src/pages/model_evidence.py,425,lines+markers+text
src/pages/model_evidence.py,427,top center
src/pages/model_evidence.py,450,markers
src/pages/model_evidence.py,451,Historical test rows
src/pages/model_evidence.py,453,"Actual $%{x:,.0f}<br>Predicted $%{y:,.0f}<extra></extra>"
src/pages/model_evidence.py,459,lines
src/pages/model_evidence.py,460,Ideal y=x
src/pages/model_evidence.py,464,Historical test: actual vs predicted
src/pages/model_evidence.py,479,Historical test
src/pages/model_evidence.py,481,outside
src/pages/model_evidence.py,487,DEV CV
src/pages/model_evidence.py,488,lines+markers+text
src/pages/model_evidence.py,490,top center
src/pages/model_evidence.py,495,Frozen full configuration: dollar-error metrics
src/pages/model_evidence.py,525,Prediction
src/pages/model_evidence.py,527,outside
src/pages/model_evidence.py,530,"%{x}<br>%{hovertext}<br>Prediction $%{y:,.0f}<extra></extra>"
src/pages/model_evidence.py,553,Salary predictions with empirical historical-error whiskers
src/pages/model_evidence.py,57,**Current takeaway:** 
src/pages/model_evidence.py,58,Evidence: 
src/pages/model_evidence.py,59,Main limitation: 
src/pages/model_evidence.py,74,**
src/pages/model_evidence.py,74,**
src/pages/model_evidence.py,75,**Finding:** 
src/pages/model_evidence.py,76,**Why it matters:** 
src/pages/model_evidence.py,77,**Limit:** 
src/pages/model_evidence.py,86,path
src/pages/model_evidence.py,95,evidence file is unavailable: 
src/pages/model_evidence.py,96,utf-8
src/pages/model_evidence.py,106,path
src/pages/model_evidence.py,144,validation_MAE_mean
src/pages/model_evidence.py,178,fold validation MAE for 
src/pages/model_evidence.py,237,RMSE is 
src/pages/model_evidence.py,237,"× MedAE, indicating that larger errors materially affect the average squared error."
src/pages/model_evidence.py,249,historical_test
src/pages/model_evidence.py,265,Top-2 historical-test MAE is $
src/pages/model_evidence.py,265, higher than the full model on 
src/pages/model_evidence.py,265, matched rows.
src/pages/model_evidence.py,268,Top-2 and full historical-test MAE are equal on 
src/pages/model_evidence.py,268, matched rows.
src/pages/model_evidence.py,285,. 
src/pages/model_evidence.py,287,=
src/pages/model_evidence.py,322, extrapolated scenario(s) fall outside observed DEV experience bounds; historical q90 coverage is unvalidated there.
src/pages/model_evidence.py,332,validation_MAE_mean
src/pages/model_evidence.py,335,model
src/pages/model_evidence.py,336,validation_MAE_mean
src/pages/model_evidence.py,340,validation
src/pages/model_evidence.py,346,Train MAE
src/pages/model_evidence.py,347,lines+markers+text
src/pages/model_evidence.py,349,top center
src/pages/model_evidence.py,353,Dummy Median
src/pages/model_evidence.py,357,dash
src/pages/model_evidence.py,359,Dummy median
src/pages/model_evidence.py,374,validation_MAE_mean
src/pages/model_evidence.py,383,validation
src/pages/model_evidence.py,393,training
src/pages/model_evidence.py,394,training
src/pages/model_evidence.py,419,validation
src/pages/model_evidence.py,428,training
src/pages/model_evidence.py,429,training
src/pages/model_evidence.py,432,: fold-by-fold MAE
src/pages/model_evidence.py,452,job_title
src/pages/model_evidence.py,454,prediction
src/pages/model_evidence.py,482,historical_test
src/pages/model_evidence.py,491,development
src/pages/model_evidence.py,492,development
src/pages/model_evidence.py,508, · 
src/pages/model_evidence.py,528,prediction
src/pages/model_evidence.py,546,Known historical actual
src/pages/model_evidence.py,547,markers+text
src/pages/model_evidence.py,550,top center
src/pages/model_evidence.py,564,mae_increase_usd
src/pages/model_evidence.py,569,h
src/pages/model_evidence.py,572,outside
src/pages/model_evidence.py,578,Historical-test raw-feature permutation reliance · Top 
src/pages/model_evidence.py,43,unknown chart priority: 
src/pages/model_evidence.py,79,**Decision/use:** 
src/pages/model_evidence.py,93,files
src/pages/model_evidence.py,101,files
src/pages/model_evidence.py,101,top2_model.joblib
src/pages/model_evidence.py,156,.1f
src/pages/model_evidence.py,163,",.0f"
src/pages/model_evidence.py,165,",.0f"
src/pages/model_evidence.py,174,validation_MAE
src/pages/model_evidence.py,187,",.0f"
src/pages/model_evidence.py,189,",.0f"
src/pages/model_evidence.py,216,",.0f"
src/pages/model_evidence.py,217,"+,.0f"
src/pages/model_evidence.py,217,",.0f"
src/pages/model_evidence.py,218,.3f
src/pages/model_evidence.py,233,",.0f"
src/pages/model_evidence.py,234,.1%
src/pages/model_evidence.py,254,full
src/pages/model_evidence.py,254,top2
src/pages/model_evidence.py,263,",.0f"
src/pages/model_evidence.py,308,experience_exception
src/pages/model_evidence.py,314,",.0f"
src/pages/model_evidence.py,315,",.0f"
src/pages/model_evidence.py,319,",.0f"
src/pages/model_evidence.py,338,$
src/pages/model_evidence.py,344,model
src/pages/model_evidence.py,345,train_MAE_mean
src/pages/model_evidence.py,350,training
src/pages/model_evidence.py,351,training
src/pages/model_evidence.py,358,threshold
src/pages/model_evidence.py,363,Frozen candidate configuration
src/pages/model_evidence.py,364,"MAE (USD, lower is better)"
src/pages/model_evidence.py,364,",.0f"
src/pages/model_evidence.py,368,hide
src/pages/model_evidence.py,375,train_MAE_mean
src/pages/model_evidence.py,381,—
src/pages/model_evidence.py,399,MAE ratio
src/pages/model_evidence.py,401,Validation R²
src/pages/model_evidence.py,401,y
src/pages/model_evidence.py,401,right
src/pages/model_evidence.py,405,hide
src/pages/model_evidence.py,417,$
src/pages/model_evidence.py,433,Fold
src/pages/model_evidence.py,434,USD
src/pages/model_evidence.py,434,",.0f"
src/pages/model_evidence.py,437,hide
src/pages/model_evidence.py,461,dash
src/pages/model_evidence.py,465,Actual USD
src/pages/model_evidence.py,465,",.0f"
src/pages/model_evidence.py,466,Predicted USD
src/pages/model_evidence.py,466,",.0f"
src/pages/model_evidence.py,480,$
src/pages/model_evidence.py,489,$
src/pages/model_evidence.py,497,USD
src/pages/model_evidence.py,497,",.0f"
src/pages/model_evidence.py,500,hide
src/pages/model_evidence.py,526,$
src/pages/model_evidence.py,532,data
src/pages/model_evidence.py,554,Scenario ID
src/pages/model_evidence.py,555,Annual salary (USD)
src/pages/model_evidence.py,555,",.0f"
src/pages/model_evidence.py,558,hide
src/pages/model_evidence.py,573,validation
src/pages/model_evidence.py,579,MAE increase (USD)
src/pages/model_evidence.py,579,",.0f"
src/pages/model_evidence.py,583,hide
src/pages/model_evidence.py,67,**
src/pages/model_evidence.py,67,:** 
src/pages/model_evidence.py,75,finding
src/pages/model_evidence.py,76,why_it_matters
src/pages/model_evidence.py,77,limit
src/pages/model_evidence.py,96,path
src/pages/model_evidence.py,237,.1f
src/pages/model_evidence.py,265,",.0f"
src/pages/model_evidence.py,287,unavailable
src/pages/model_evidence.py,338,validation_MAE_mean
src/pages/model_evidence.py,348,train_MAE_mean
src/pages/model_evidence.py,381,×
src/pages/model_evidence.py,426,$
src/pages/model_evidence.py,461,neutral
src/pages/model_evidence.py,536,uncertainty
src/pages/model_evidence.py,548,diamond
src/pages/model_evidence.py,549,$
src/pages/model_evidence.py,570,data
src/pages/model_evidence.py,571,$
src/pages/model_evidence.py,79,decision_or_use
src/pages/model_evidence.py,307,absolute_error_usd
src/pages/model_evidence.py,338,",.0f"
src/pages/model_evidence.py,348,$
src/pages/model_evidence.py,417,",.0f"
src/pages/model_evidence.py,480,",.0f"
src/pages/model_evidence.py,489,",.0f"
src/pages/model_evidence.py,526,",.0f"
src/pages/model_evidence.py,548,actual
src/pages/model_evidence.py,93,path
src/pages/model_evidence.py,101,path
src/pages/model_evidence.py,381,.1f
src/pages/model_evidence.py,391,.3f
src/pages/model_evidence.py,426,",.0f"
src/pages/model_evidence.py,511,job_title
src/pages/model_evidence.py,512,job_category
src/pages/model_evidence.py,513, years
src/pages/model_evidence.py,549,",.0f"
src/pages/model_evidence.py,571,",.0f"
src/pages/model_evidence.py,348,",.0f"
src/pages/model_evidence.py,514,years_of_experience
src/pages/model_evidence.py,513,years_of_experience
src/pages/model_evidence.py,513,g
src/pages/model_training_presentation.py,13,**Bold = governing result** · *Italic = reference/context*
src/pages/model_training_presentation.py,50,No complete training audit matched the current source data and audit requirements.
src/pages/model_training_presentation.py,37,data/raw/ai_jobs_market_2025_2026.csv
src/pages/model_training_presentation.py,38,outputs/08_full_pipeline/logs
src/pages/model_training_presentation.py,52,fold_membership
src/pages/model_training_presentation.py,52,tuning_trials
src/pages/model_training_presentation.py,52,model_comparison
src/pages/model_training_presentation.py,179,available
src/pages/model_training_presentation.py,179,reason
src/pages/model_training_presentation.py,187,model
src/pages/model_training_presentation.py,188,fold_id
src/pages/model_training_presentation.py,189,validation_period
src/pages/model_training_presentation.py,190,train_rows
src/pages/model_training_presentation.py,191,validation_rows
src/pages/model_training_presentation.py,192,encoded_feature_count
src/pages/model_training_presentation.py,194,fold_id
src/pages/model_training_presentation.py,194,partition_role
src/pages/model_training_presentation.py,194,record_id
src/pages/model_training_presentation.py,210,fold_id
src/pages/model_training_presentation.py,219,fold_count
src/pages/model_training_presentation.py,220,candidate_count
src/pages/model_training_presentation.py,221,full_feature_count
src/pages/model_training_presentation.py,222,row_overlap_count
src/pages/model_training_presentation.py,223,folds
src/pages/model_training_presentation.py,224,method
src/pages/model_training_presentation.py,229,limitations
src/pages/model_training_presentation.py,225,"DEV rows are sorted chronologically and split into adjacent row blocks. Each fold fits preprocessing and one candidate model on one block, then scores the immediately following block."
src/pages/model_training_presentation.py,230,This is not randomized K-fold and not an expanding-window design. Adjacent row blocks can share calendar-month labels even though their record identities are disjoint.
src/pages/model_training_presentation.py,258,manual_tuning_step1_gridsearch
src/pages/model_training_presentation.py,268,n_estimators
src/pages/model_training_presentation.py,268,max_depth
src/pages/model_training_presentation.py,268,min_samples_leaf
src/pages/model_training_presentation.py,268,max_features
src/pages/model_training_presentation.py,274,initial_trial_count
src/pages/model_training_presentation.py,275,stage_trial_counts
src/pages/model_training_presentation.py,276,total_trial_count
src/pages/model_training_presentation.py,277,effective_folds
src/pages/model_training_presentation.py,278,ranking_metric
src/pages/model_training_presentation.py,279,ranking_direction
src/pages/model_training_presentation.py,280,saved_matches_initial_winner
src/pages/model_training_presentation.py,281,applied_parameters
src/pages/model_training_presentation.py,282,selection_scope
src/pages/model_training_presentation.py,278,CV R²
src/pages/model_training_presentation.py,279,higher is better
src/pages/model_training_presentation.py,282,Inherited non-nested DEV temporal validation; locked test not used.
src/pages/model_training_presentation.py,307,path
src/pages/model_training_presentation.py,308,filename
src/pages/model_training_presentation.py,309,sha256
src/pages/model_training_presentation.py,310,content
src/pages/model_training_presentation.py,311,mime
src/pages/model_training_presentation.py,316,bold
src/pages/model_training_presentation.py,318,italic
src/pages/model_training_presentation.py,325,None
src/pages/model_training_presentation.py,334,model
src/pages/model_training_presentation.py,335,validation_MAE_mean
src/pages/model_training_presentation.py,336,train_MAE_mean
src/pages/model_training_presentation.py,337,validation_R2_mean
src/pages/model_training_presentation.py,351,validation_MAE_mean
src/pages/model_training_presentation.py,355,Rank
src/pages/model_training_presentation.py,387,hyperparameter
src/pages/model_training_presentation.py,388,search_space
src/pages/model_training_presentation.py,389,optimal_value
src/pages/model_training_presentation.py,390,best_cv_r2
src/pages/model_training_presentation.py,391,best_cv_mae
src/pages/model_training_presentation.py,22,..
src/pages/model_training_presentation.py,23,audit path is not safe
src/pages/model_training_presentation.py,26,audit path is not safe
src/pages/model_training_presentation.py,30,audit path is not safe
src/pages/model_training_presentation.py,41,available
src/pages/model_training_presentation.py,42,reason
src/pages/model_training_presentation.py,42,Training audit source or log directory is unavailable.
src/pages/model_training_presentation.py,45,training-*.logs
src/pages/model_training_presentation.py,47,available
src/pages/model_training_presentation.py,47,reason
src/pages/model_training_presentation.py,47,No training audit runs are available.
src/pages/model_training_presentation.py,196,candidate fold evidence is incomplete
src/pages/model_training_presentation.py,198,fold membership evidence is incomplete
src/pages/model_training_presentation.py,223,records
src/pages/model_training_presentation.py,253,n_estimators
src/pages/model_training_presentation.py,253,manual_tuning_step2_n_estimators
src/pages/model_training_presentation.py,254,max_depth
src/pages/model_training_presentation.py,254,manual_tuning_step3_max_depth
src/pages/model_training_presentation.py,255,min_samples_leaf
src/pages/model_training_presentation.py,255,manual_tuning_step4_min_samples_leaf
src/pages/model_training_presentation.py,256,max_features
src/pages/model_training_presentation.py,256,manual_tuning_step5_max_features
src/pages/model_training_presentation.py,259,CV_R2
src/pages/model_training_presentation.py,260,initial tuning grid evidence is incomplete
src/pages/model_training_presentation.py,293,path
src/pages/model_training_presentation.py,304,sha256
src/pages/model_training_presentation.py,307,path
src/pages/model_training_presentation.py,311,text/csv
src/pages/model_training_presentation.py,311,application/octet-stream
src/pages/model_training_presentation.py,317,**
src/pages/model_training_presentation.py,317,**
src/pages/model_training_presentation.py,319,*
src/pages/model_training_presentation.py,319,*
src/pages/model_training_presentation.py,351,validation_MAE_mean
src/pages/model_training_presentation.py,351,coerce
src/pages/model_training_presentation.py,353,validation_MAE_mean
src/pages/model_training_presentation.py,353,model
src/pages/model_training_presentation.py,353,stable
src/pages/model_training_presentation.py,360,Dummy Median
src/pages/model_training_presentation.py,361,bold
src/pages/model_training_presentation.py,362,Winner
src/pages/model_training_presentation.py,58,manifest.json
src/pages/model_training_presentation.py,108,exports
src/pages/model_training_presentation.py,135,temporal_cv_evaluation
src/pages/model_training_presentation.py,136,evaluate_rf_tuning_trial
src/pages/model_training_presentation.py,137,rank_rf_n_estimators
src/pages/model_training_presentation.py,138,record_applied_model_selection
src/pages/model_training_presentation.py,139,record_rf_manual_tuning_summary
src/pages/model_training_presentation.py,140,create_final_estimator
src/pages/model_training_presentation.py,141,score_locked_test
src/pages/model_training_presentation.py,142,predict_locked_test
src/pages/model_training_presentation.py,143,compute_locked_test_permutation_importance
src/pages/model_training_presentation.py,144,summarize_locked_test_absolute_error
src/pages/model_training_presentation.py,166,available
src/pages/model_training_presentation.py,167,audit_run_id
src/pages/model_training_presentation.py,168,pipeline_run_id
src/pages/model_training_presentation.py,169,training_status
src/pages/model_training_presentation.py,170,source_sha256
src/pages/model_training_presentation.py,171,selection_source
src/pages/model_training_presentation.py,172,event_count
src/pages/model_training_presentation.py,173,relevant_event_count
src/pages/model_training_presentation.py,174,event_preview
src/pages/model_training_presentation.py,175,downloads
src/pages/model_training_presentation.py,264,CV_R2
src/pages/model_training_presentation.py,267,CV_R2
src/pages/model_training_presentation.py,288,files
src/pages/model_training_presentation.py,290,evidence file is unavailable or ambiguous: 
src/pages/model_training_presentation.py,295,evidence download path is unsafe: 
src/pages/model_training_presentation.py,301,evidence download path escapes workspace: 
src/pages/model_training_presentation.py,305,evidence download checksum mismatch: 
src/pages/model_training_presentation.py,311,.csv
src/pages/model_training_presentation.py,361,italic
src/pages/model_training_presentation.py,362,Reference baseline
src/pages/model_training_presentation.py,362,Candidate
src/pages/model_training_presentation.py,365,Rank
src/pages/model_training_presentation.py,366,Model
src/pages/model_training_presentation.py,367,Decision role
src/pages/model_training_presentation.py,368,Mean validation MAE
src/pages/model_training_presentation.py,371,Mean train MAE
src/pages/model_training_presentation.py,374,Validation R²
src/pages/model_training_presentation.py,407,. 
src/pages/model_training_presentation.py,413,Hyperparameter
src/pages/model_training_presentation.py,414,Search space
src/pages/model_training_presentation.py,415,Stage winner
src/pages/model_training_presentation.py,416,Applied value
src/pages/model_training_presentation.py,417,Relationship
src/pages/model_training_presentation.py,420,Best CV R²
src/pages/model_training_presentation.py,421,Best CV MAE
src/pages/model_training_presentation.py,56,audit path is not safe
src/pages/model_training_presentation.py,62,completed
src/pages/model_training_presentation.py,68,training audit is not complete
src/pages/model_training_presentation.py,69,source_sha256
src/pages/model_training_presentation.py,70,training audit source fingerprint does not match
src/pages/model_training_presentation.py,75,training audit JSONL is empty
src/pages/model_training_presentation.py,77,training audit event must be a JSON object
src/pages/model_training_presentation.py,78,audit_run_id
src/pages/model_training_presentation.py,79,pipeline_run_id
src/pages/model_training_presentation.py,88,training audit JSONL run identity does not match manifest
src/pages/model_training_presentation.py,92,label
src/pages/model_training_presentation.py,93,kind
src/pages/model_training_presentation.py,94,filename
src/pages/model_training_presentation.py,95,sha256
src/pages/model_training_presentation.py,96,content
src/pages/model_training_presentation.py,97,mime
src/pages/model_training_presentation.py,92,Audit manifest
src/pages/model_training_presentation.py,93,audit_manifest
src/pages/model_training_presentation.py,97,application/json
src/pages/model_training_presentation.py,100,label
src/pages/model_training_presentation.py,101,kind
src/pages/model_training_presentation.py,102,filename
src/pages/model_training_presentation.py,103,sha256
src/pages/model_training_presentation.py,104,content
src/pages/model_training_presentation.py,105,mime
src/pages/model_training_presentation.py,100,Complete structured training log
src/pages/model_training_presentation.py,101,complete_jsonl
src/pages/model_training_presentation.py,105,application/x-ndjson
src/pages/model_training_presentation.py,151,sequence
src/pages/model_training_presentation.py,152,timestamp
src/pages/model_training_presentation.py,153,operation
src/pages/model_training_presentation.py,154,status
src/pages/model_training_presentation.py,155,model
src/pages/model_training_presentation.py,156,fold_id
src/pages/model_training_presentation.py,157,trial_id
src/pages/model_training_presentation.py,158,message
src/pages/model_training_presentation.py,161,evidence_ref
src/pages/model_training_presentation.py,169,training_status
src/pages/model_training_presentation.py,171,selection_source
src/pages/model_training_presentation.py,215,record_id
src/pages/model_training_presentation.py,216,record_id
src/pages/model_training_presentation.py,265,tuning stage evidence is incomplete: 
src/pages/model_training_presentation.py,267,stable
src/pages/model_training_presentation.py,299,evidence download is unavailable: 
src/pages/model_training_presentation.py,342,Rank
src/pages/model_training_presentation.py,343,Model
src/pages/model_training_presentation.py,344,Decision role
src/pages/model_training_presentation.py,345,Mean validation MAE
src/pages/model_training_presentation.py,346,Mean train MAE
src/pages/model_training_presentation.py,347,Validation R²
src/pages/model_training_presentation.py,355,min
src/pages/model_training_presentation.py,356,validation_MAE_mean
src/pages/model_training_presentation.py,396,Hyperparameter
src/pages/model_training_presentation.py,397,Search space
src/pages/model_training_presentation.py,398,Stage winner
src/pages/model_training_presentation.py,399,Applied value
src/pages/model_training_presentation.py,400,Relationship
src/pages/model_training_presentation.py,401,Best CV R²
src/pages/model_training_presentation.py,402,Best CV MAE
src/pages/model_training_presentation.py,414,*
src/pages/model_training_presentation.py,414,*
src/pages/model_training_presentation.py,415,bold
src/pages/model_training_presentation.py,416,bold
src/pages/model_training_presentation.py,418,**Applied = stage winner**
src/pages/model_training_presentation.py,418,*Sensitivity only; not applied*
src/pages/model_training_presentation.py,420,bold
src/pages/model_training_presentation.py,421,bold
src/pages/model_training_presentation.py,62,training_status
src/pages/model_training_presentation.py,63,log_complete
src/pages/model_training_presentation.py,64,console_complete
src/pages/model_training_presentation.py,65,coverage_complete
src/pages/model_training_presentation.py,94,training-
src/pages/model_training_presentation.py,94,-manifest.json
src/pages/model_training_presentation.py,109,complete
src/pages/model_training_presentation.py,113,sha256
src/pages/model_training_presentation.py,117,label
src/pages/model_training_presentation.py,118,kind
src/pages/model_training_presentation.py,119,filename
src/pages/model_training_presentation.py,120,sha256
src/pages/model_training_presentation.py,121,content
src/pages/model_training_presentation.py,122,mime
src/pages/model_training_presentation.py,122,text/csv
src/pages/model_training_presentation.py,151,sequence
src/pages/model_training_presentation.py,152,timestamp
src/pages/model_training_presentation.py,153,operation
src/pages/model_training_presentation.py,154,status
src/pages/model_training_presentation.py,161,#sequence=
src/pages/model_training_presentation.py,209,fold_id
src/pages/model_training_presentation.py,215,train
src/pages/model_training_presentation.py,216,validation
src/pages/model_training_presentation.py,295,path
src/pages/model_training_presentation.py,301,path
src/pages/model_training_presentation.py,305,path
src/pages/model_training_presentation.py,352,validation_MAE_mean
src/pages/model_training_presentation.py,355,validation_MAE_mean
src/pages/model_training_presentation.py,369,$
src/pages/model_training_presentation.py,372,$
src/pages/model_training_presentation.py,421,$
src/pages/model_training_presentation.py,109,status
src/pages/model_training_presentation.py,109,kind
src/pages/model_training_presentation.py,111,path
src/pages/model_training_presentation.py,114,training audit export checksum mismatch: 
src/pages/model_training_presentation.py,147,operation
src/pages/model_training_presentation.py,155,model
src/pages/model_training_presentation.py,155,model_name
src/pages/model_training_presentation.py,156,fold_id
src/pages/model_training_presentation.py,156,fold
src/pages/model_training_presentation.py,157,trial_id
src/pages/model_training_presentation.py,157,evaluation_id
src/pages/model_training_presentation.py,202,fold_id
src/pages/model_training_presentation.py,203,validation_period
src/pages/model_training_presentation.py,204,train_rows
src/pages/model_training_presentation.py,205,validation_rows
src/pages/model_training_presentation.py,206,encoded_feature_count
src/pages/model_training_presentation.py,288,path
src/pages/model_training_presentation.py,299,path
src/pages/model_training_presentation.py,118,kind
src/pages/model_training_presentation.py,120,sha256
src/pages/model_training_presentation.py,129,create_final_estimator
src/pages/model_training_presentation.py,130,completed
src/pages/model_training_presentation.py,159,message
src/pages/model_training_presentation.py,161,sequence
src/pages/model_training_presentation.py,369,",.0f"
src/pages/model_training_presentation.py,372,",.0f"
src/pages/model_training_presentation.py,375,.3f
src/pages/model_training_presentation.py,420,.3f
src/pages/model_training_presentation.py,421,",.0f"
src/pages/model_training_presentation.py,81,audit_run_id
src/pages/model_training_presentation.py,83,pipeline_run_id
src/pages/model_training_presentation.py,117,evidence_id
src/pages/model_training_presentation.py,129,operation
src/pages/model_training_presentation.py,130,status
src/pages/model_training_presentation.py,159,message
src/pages/model_training_presentation.py,84,pipeline_run_id
src/pages/page01_data_basic_clean.py,71,admin
src/pages/page01_data_basic_clean.py,73,1. Data Basic Clean
src/pages/page01_data_basic_clean.py,75,Common Foundation — Stage 1 Project Scope & Raw Data Ingestion → Stage 2 Basic Clean → Stage 3 Contradictory-Feature Investigation
src/pages/page01_data_basic_clean.py,77,01_data_basic_clean/basic_clean_audit.json
src/pages/page01_data_basic_clean.py,78,01_data_basic_clean/target_summary.json
src/pages/page01_data_basic_clean.py,79,01_data_basic_clean/basic_clean.csv
src/pages/page01_data_basic_clean.py,80,01_data_basic_clean/contradiction_summary.csv
src/pages/page01_data_basic_clean.py,17,Aspect
src/pages/page01_data_basic_clean.py,24,Raw
src/pages/page01_data_basic_clean.py,31,Basic clean
src/pages/page01_data_basic_clean.py,39,string
src/pages/page01_data_basic_clean.py,44,Interactive filters
src/pages/page01_data_basic_clean.py,47,Job category
src/pages/page01_data_basic_clean.py,50,Experience level
src/pages/page01_data_basic_clean.py,55,Country
src/pages/page01_data_basic_clean.py,58,Remote work
src/pages/page01_data_basic_clean.py,63,job_category
src/pages/page01_data_basic_clean.py,64,experience_level
src/pages/page01_data_basic_clean.py,65,country
src/pages/page01_data_basic_clean.py,66,remote_work
src/pages/page01_data_basic_clean.py,82,01_data_basic_clean/integrity_row_flags.csv
src/pages/page01_data_basic_clean.py,99,No records match the current filters. Clear one or more filters to continue.
src/pages/page01_data_basic_clean.py,104,Stage 1 · Scope & Profiling
src/pages/page01_data_basic_clean.py,105,Stage 2 · Basic Clean
src/pages/page01_data_basic_clean.py,106,Stage 3 · Contradictions
src/pages/page01_data_basic_clean.py,107,Interactive Chart Explorer
src/pages/page01_data_basic_clean.py,108,Evidence Tables
src/pages/page01_data_basic_clean.py,112,### Stage 1 — Project Scope & Raw Data Ingestion
src/pages/page01_data_basic_clean.py,114,"<div class=""stage-note"">Target <b>annual_salary_usd</b>. The raw file is parsed and profiled before model decisions. Salary extremes are retained unless there is evidence that they are invalid.</div>"
src/pages/page01_data_basic_clean.py,160,right-skewed
src/pages/page01_data_basic_clean.py,162,left-skewed or symmetric
src/pages/page01_data_basic_clean.py,168,Retain target extremes for now; handle any outlier policy on TRAIN only and validate impact on temporal performance.
src/pages/page01_data_basic_clean.py,169,info
src/pages/page01_data_basic_clean.py,185,### Stage 2 — Basic Clean
src/pages/page01_data_basic_clean.py,232,Structural cleanliness alone is not enough: the dataset can still contain semantic contradictions even when missingness and duplication are low.
src/pages/page01_data_basic_clean.py,233,Proceed to Stage 3 contradiction checks before trusting any feature for modeling.
src/pages/page01_data_basic_clean.py,238,### Stage 3 — Contradictory-Feature Investigation
src/pages/page01_data_basic_clean.py,249,p1_issue_rank
src/pages/page01_data_basic_clean.py,250,warning
src/pages/page01_data_basic_clean.py,260,"This is a semantic-integrity problem, not a missing-value problem; the affected field family must be governed before preprocessing."
src/pages/page01_data_basic_clean.py,262,warning
src/pages/page01_data_basic_clean.py,473,### Interactive Chart Explorer
src/pages/page01_data_basic_clean.py,476,Choose chart
src/pages/page01_data_basic_clean.py,485,p1_chart_select
src/pages/page01_data_basic_clean.py,487,Top categories to display
src/pages/page01_data_basic_clean.py,488,Salary by job domain
src/pages/page01_data_basic_clean.py,583,p1_explorer
src/pages/page01_data_basic_clean.py,630,Contradiction Summary
src/pages/page01_data_basic_clean.py,630,p1_findings
src/pages/page01_data_basic_clean.py,18,Records
src/pages/page01_data_basic_clean.py,19,Columns
src/pages/page01_data_basic_clean.py,20,Missing cells
src/pages/page01_data_basic_clean.py,21,Duplicate rows
src/pages/page01_data_basic_clean.py,22,Unique identifier
src/pages/page01_data_basic_clean.py,27,0
src/pages/page01_data_basic_clean.py,29,job_id present
src/pages/page01_data_basic_clean.py,34,0
src/pages/page01_data_basic_clean.py,35,0
src/pages/page01_data_basic_clean.py,36,job_id removed
src/pages/page01_data_basic_clean.py,47,p1_cat
src/pages/page01_data_basic_clean.py,52,p1_exp
src/pages/page01_data_basic_clean.py,55,p1_country
src/pages/page01_data_basic_clean.py,58,p1_remote
src/pages/page01_data_basic_clean.py,89,Raw records
src/pages/page01_data_basic_clean.py,90,Raw columns
src/pages/page01_data_basic_clean.py,91,Clean records
src/pages/page01_data_basic_clean.py,92,Clean columns
src/pages/page01_data_basic_clean.py,93,Removed corrupted rows
src/pages/page01_data_basic_clean.py,137,p1_target_hist
src/pages/page01_data_basic_clean.py,166,Filtered salary mean is 
src/pages/page01_data_basic_clean.py,166, versus median 
src/pages/page01_data_basic_clean.py,166,; range is 
src/pages/page01_data_basic_clean.py,166,–
src/pages/page01_data_basic_clean.py,166,.
src/pages/page01_data_basic_clean.py,167,The target is 
src/pages/page01_data_basic_clean.py,167,. Extreme salaries are visible but are not removed automatically because the chart alone does not prove data corruption.
src/pages/page01_data_basic_clean.py,171,Raw schema / profiling evidence
src/pages/page01_data_basic_clean.py,187,Basic clean removed 
src/pages/page01_data_basic_clean.py,187, corrupted category row(s) and the unique `job_id` identifier. The output is **
src/pages/page01_data_basic_clean.py,187, rows × 
src/pages/page01_data_basic_clean.py,187," columns**. `skill_count` is created later during feature preparation, not during basic cleaning."
src/pages/page01_data_basic_clean.py,190,stretch
src/pages/page01_data_basic_clean.py,207,p1_cardinality
src/pages/page01_data_basic_clean.py,210,01_data_basic_clean/raw_profile.csv
src/pages/page01_data_basic_clean.py,212,total_missing
src/pages/page01_data_basic_clean.py,222,p1_missing
src/pages/page01_data_basic_clean.py,231,Basic Clean changed 
src/pages/page01_data_basic_clean.py,231, row(s) and 
src/pages/page01_data_basic_clean.py,231, column(s); raw missing/hidden-missing count is 
src/pages/page01_data_basic_clean.py,231,.
src/pages/page01_data_basic_clean.py,234,success
src/pages/page01_data_basic_clean.py,234,warning
src/pages/page01_data_basic_clean.py,240,affected_pct
src/pages/page01_data_basic_clean.py,241,issue
src/pages/page01_data_basic_clean.py,242,affected_pct
src/pages/page01_data_basic_clean.py,243,h
src/pages/page01_data_basic_clean.py,244,affected_pct
src/pages/page01_data_basic_clean.py,245,Data Logic & Integrity Issues — Ranked by Severity
src/pages/page01_data_basic_clean.py,248,%{text:.1f}%
src/pages/page01_data_basic_clean.py,248,outside
src/pages/page01_data_basic_clean.py,250,data_quality
src/pages/page01_data_basic_clean.py,253,stretch
src/pages/page01_data_basic_clean.py,259,Largest logic finding: 
src/pages/page01_data_basic_clean.py,259, affects 
src/pages/page01_data_basic_clean.py,259,% (
src/pages/page01_data_basic_clean.py,259, rows).
src/pages/page01_data_basic_clean.py,266,Experience contradiction
src/pages/page01_data_basic_clean.py,266,Salary range inconsistency
src/pages/page01_data_basic_clean.py,266,Salary tier inconsistency
src/pages/page01_data_basic_clean.py,339,p1_year_salary
src/pages/page01_data_basic_clean.py,349,"If bucket labels and numeric years tell materially different stories, they should not both be trusted as interchangeable experience signals."
src/pages/page01_data_basic_clean.py,350,Keep the contradiction visible and let ablation decide which signal adds stable out-of-time value.
src/pages/page01_data_basic_clean.py,351,warning
src/pages/page01_data_basic_clean.py,478,Salary by job domain
src/pages/page01_data_basic_clean.py,479,Salary by country
src/pages/page01_data_basic_clean.py,480,Salary by city
src/pages/page01_data_basic_clean.py,481,Salary by years of experience
src/pages/page01_data_basic_clean.py,482,Demand score vs salary
src/pages/page01_data_basic_clean.py,483,Benefits score vs salary
src/pages/page01_data_basic_clean.py,487,p1_topn
src/pages/page01_data_basic_clean.py,495,mean_salary
src/pages/page01_data_basic_clean.py,507,Salary by country
src/pages/page01_data_basic_clean.py,585,Current chart uses 
src/pages/page01_data_basic_clean.py,585, filtered records. Hover over marks to inspect exact values.
src/pages/page01_data_basic_clean.py,587,Salary by job domain
src/pages/page01_data_basic_clean.py,587,Salary by country
src/pages/page01_data_basic_clean.py,587,Salary by city
src/pages/page01_data_basic_clean.py,590,job_category
src/pages/page01_data_basic_clean.py,597,This is a descriptive filtered comparison; unequal sample sizes and synthetic data structure can drive apparent gaps.
src/pages/page01_data_basic_clean.py,598,Use hover counts and filters to check support before interpreting category differences.
src/pages/page01_data_basic_clean.py,599,info
src/pages/page01_data_basic_clean.py,601,Salary by years of experience
src/pages/page01_data_basic_clean.py,635,Row-level Integrity Flags
src/pages/page01_data_basic_clean.py,636,p1_flags
src/pages/page01_data_basic_clean.py,637,integrity_row_flags.csv
src/pages/page01_data_basic_clean.py,644,Categorical Frequency Summary
src/pages/page01_data_basic_clean.py,645,p1_catfreq
src/pages/page01_data_basic_clean.py,83,outputs/01_data_basic_clean/integrity_row_flags.csv
src/pages/page01_data_basic_clean.py,90,raw_columns
src/pages/page01_data_basic_clean.py,92,clean_columns
src/pages/page01_data_basic_clean.py,93,invalid_category_rows_removed
src/pages/page01_data_basic_clean.py,121,annual_salary_usd
src/pages/page01_data_basic_clean.py,123,box
src/pages/page01_data_basic_clean.py,124,Observed Annual Salary Distribution
src/pages/page01_data_basic_clean.py,129,dash
src/pages/page01_data_basic_clean.py,134,dot
src/pages/page01_data_basic_clean.py,157,stretch
src/pages/page01_data_basic_clean.py,173,01_data_basic_clean/raw_profile.csv
src/pages/page01_data_basic_clean.py,174,stretch
src/pages/page01_data_basic_clean.py,199,unique
src/pages/page01_data_basic_clean.py,200,column
src/pages/page01_data_basic_clean.py,201,unique
src/pages/page01_data_basic_clean.py,202,h
src/pages/page01_data_basic_clean.py,203,unique
src/pages/page01_data_basic_clean.py,204,Top Feature Cardinalities — Raw Data
src/pages/page01_data_basic_clean.py,206,outside
src/pages/page01_data_basic_clean.py,216,column
src/pages/page01_data_basic_clean.py,217,total_missing
src/pages/page01_data_basic_clean.py,218,h
src/pages/page01_data_basic_clean.py,219,total_missing
src/pages/page01_data_basic_clean.py,220,Missing / Hidden-Missing Audit by Feature
src/pages/page01_data_basic_clean.py,246,affected_pct
src/pages/page01_data_basic_clean.py,246,issue
src/pages/page01_data_basic_clean.py,246,Affected records (%)
src/pages/page01_data_basic_clean.py,246,Issue
src/pages/page01_data_basic_clean.py,252,affected_pct
src/pages/page01_data_basic_clean.py,252,{:.2f}%
src/pages/page01_data_basic_clean.py,256,affected_pct
src/pages/page01_data_basic_clean.py,278,p1_exp_box
src/pages/page01_data_basic_clean.py,305,p1_exp_salary
src/pages/page01_data_basic_clean.py,335,Annual Salary by Raw Years of Experience
src/pages/page01_data_basic_clean.py,336,Years of experience
src/pages/page01_data_basic_clean.py,337,Salary (USD)
src/pages/page01_data_basic_clean.py,343,nan
src/pages/page01_data_basic_clean.py,348,Experience-level mean-salary spread is 
src/pages/page01_data_basic_clean.py,348, while raw years-of-experience correlation with salary is 
src/pages/page01_data_basic_clean.py,348,.
src/pages/page01_data_basic_clean.py,356,range_status
src/pages/page01_data_basic_clean.py,358,Outside stated range
src/pages/page01_data_basic_clean.py,359,Inside stated range
src/pages/page01_data_basic_clean.py,388,row
src/pages/page01_data_basic_clean.py,414,p1_range_detail
src/pages/page01_data_basic_clean.py,419,The range fields are target-adjacent metadata and cannot be treated as clean predictors when they disagree with the target this often.
src/pages/page01_data_basic_clean.py,420,Block salary_min_usd and salary_max_usd from the primary prediction feature set; retain them only for audit.
src/pages/page01_data_basic_clean.py,421,warning
src/pages/page01_data_basic_clean.py,426,tier_status
src/pages/page01_data_basic_clean.py,427,Mismatch
src/pages/page01_data_basic_clean.py,427,Match
src/pages/page01_data_basic_clean.py,462,p1_tier_box
src/pages/page01_data_basic_clean.py,467,"salary_tier behaves like a noisy derivative of the target, creating both leakage risk and semantic inconsistency."
src/pages/page01_data_basic_clean.py,468,Exclude salary_tier from model X and use it only as a diagnostic field.
src/pages/page01_data_basic_clean.py,469,warning
src/pages/page01_data_basic_clean.py,498,mean_salary
src/pages/page01_data_basic_clean.py,499,job_category
src/pages/page01_data_basic_clean.py,500,mean_salary
src/pages/page01_data_basic_clean.py,501,h
src/pages/page01_data_basic_clean.py,502,mean_salary
src/pages/page01_data_basic_clean.py,504,Mean Salary by Job Domain
src/pages/page01_data_basic_clean.py,506,"$%{text:,.0f}"
src/pages/page01_data_basic_clean.py,506,outside
src/pages/page01_data_basic_clean.py,514,mean_salary
src/pages/page01_data_basic_clean.py,526,Salary by city
src/pages/page01_data_basic_clean.py,591,job_category
src/pages/page01_data_basic_clean.py,592,country
src/pages/page01_data_basic_clean.py,592,city
src/pages/page01_data_basic_clean.py,596,Highest mean salary in the current chart is 
src/pages/page01_data_basic_clean.py,596, at 
src/pages/page01_data_basic_clean.py,596, across 
src/pages/page01_data_basic_clean.py,596, record(s).
src/pages/page01_data_basic_clean.py,610,The direction is diagnostic only and may reflect the known synthetic-looking experience artifact.
src/pages/page01_data_basic_clean.py,611,Compare this chart with Stage 5 ablation and temporal CV rather than treating it as a labor-market law.
src/pages/page01_data_basic_clean.py,612,warning
src/pages/page01_data_basic_clean.py,615,demand_score
src/pages/page01_data_basic_clean.py,615,benefits_score_10
src/pages/page01_data_basic_clean.py,624,"Scatter structure shows association strength and heterogeneity, not causality."
src/pages/page01_data_basic_clean.py,625,Use this as exploratory evidence only; model selection remains based on temporal validation.
src/pages/page01_data_basic_clean.py,626,info
src/pages/page01_data_basic_clean.py,640,outputs/01_data_basic_clean/categorical_frequency_summary.csv
src/pages/page01_data_basic_clean.py,643,01_data_basic_clean/categorical_frequency_summary.csv
src/pages/page01_data_basic_clean.py,125,annual_salary_usd
src/pages/page01_data_basic_clean.py,125,Annual salary (USD)
src/pages/page01_data_basic_clean.py,130,Mean 
src/pages/page01_data_basic_clean.py,135,Median 
src/pages/page01_data_basic_clean.py,143,Metric
src/pages/page01_data_basic_clean.py,144,Value
src/pages/page01_data_basic_clean.py,177,outputs/01_data_basic_clean/numeric_descriptive_summary.csv
src/pages/page01_data_basic_clean.py,179,01_data_basic_clean/numeric_descriptive_summary.csv
src/pages/page01_data_basic_clean.py,180,stretch
src/pages/page01_data_basic_clean.py,187,invalid_category_rows_removed
src/pages/page01_data_basic_clean.py,187,clean_rows
src/pages/page01_data_basic_clean.py,187,","
src/pages/page01_data_basic_clean.py,187,clean_columns
src/pages/page01_data_basic_clean.py,195,unique
src/pages/page01_data_basic_clean.py,259,.1f
src/pages/page01_data_basic_clean.py,259,","
src/pages/page01_data_basic_clean.py,273,experience_level
src/pages/page01_data_basic_clean.py,274,years_of_experience
src/pages/page01_data_basic_clean.py,275,outliers
src/pages/page01_data_basic_clean.py,276,Years of Experience by Experience Level
src/pages/page01_data_basic_clean.py,292,metric
src/pages/page01_data_basic_clean.py,293,salary
src/pages/page01_data_basic_clean.py,297,experience_level
src/pages/page01_data_basic_clean.py,298,salary
src/pages/page01_data_basic_clean.py,299,metric
src/pages/page01_data_basic_clean.py,300,group
src/pages/page01_data_basic_clean.py,301,salary
src/pages/page01_data_basic_clean.py,302,Annual Salary by Experience Level
src/pages/page01_data_basic_clean.py,304,"$%{text:,.0f}"
src/pages/page01_data_basic_clean.py,304,outside
src/pages/page01_data_basic_clean.py,320,lines+markers+text
src/pages/page01_data_basic_clean.py,322,top center
src/pages/page01_data_basic_clean.py,323,Mean
src/pages/page01_data_basic_clean.py,330,lines+markers
src/pages/page01_data_basic_clean.py,331,Median
src/pages/page01_data_basic_clean.py,376,p1_range_status
src/pages/page01_data_basic_clean.py,386,p1_range_hist
src/pages/page01_data_basic_clean.py,410,Actual Salary vs Stated Salary Bounds
src/pages/page01_data_basic_clean.py,411,Records sorted by actual salary
src/pages/page01_data_basic_clean.py,412,USD
src/pages/page01_data_basic_clean.py,418,% of filtered records fall outside the stated salary_min_usd / salary_max_usd range.
src/pages/page01_data_basic_clean.py,443,p1_tier_status
src/pages/page01_data_basic_clean.py,453,p1_tier_heat
src/pages/page01_data_basic_clean.py,456,salary_tier
src/pages/page01_data_basic_clean.py,457,annual_salary_usd
src/pages/page01_data_basic_clean.py,458,tier_status
src/pages/page01_data_basic_clean.py,460,Observed Salary Distribution by Stated Tier
src/pages/page01_data_basic_clean.py,466,% of filtered records have a stated salary tier that disagrees with the tier implied by annual_salary_usd.
src/pages/page01_data_basic_clean.py,503,records
src/pages/page01_data_basic_clean.py,517,mean_salary
src/pages/page01_data_basic_clean.py,518,country
src/pages/page01_data_basic_clean.py,519,mean_salary
src/pages/page01_data_basic_clean.py,520,h
src/pages/page01_data_basic_clean.py,521,mean_salary
src/pages/page01_data_basic_clean.py,523,Mean Salary by Country
src/pages/page01_data_basic_clean.py,525,"$%{text:,.0f}"
src/pages/page01_data_basic_clean.py,525,outside
src/pages/page01_data_basic_clean.py,533,mean_salary
src/pages/page01_data_basic_clean.py,546,Salary by years of experience
src/pages/page01_data_basic_clean.py,585,","
src/pages/page01_data_basic_clean.py,588,mean_salary
src/pages/page01_data_basic_clean.py,592,Salary by country
src/pages/page01_data_basic_clean.py,605,nan
src/pages/page01_data_basic_clean.py,609,Current-filter Pearson correlation between years_of_experience and salary is 
src/pages/page01_data_basic_clean.py,609,.
src/pages/page01_data_basic_clean.py,615,Demand score vs salary
src/pages/page01_data_basic_clean.py,619,nan
src/pages/page01_data_basic_clean.py,623,Current-filter correlation between 
src/pages/page01_data_basic_clean.py,623, and salary is 
src/pages/page01_data_basic_clean.py,623,.
src/pages/page01_data_basic_clean.py,25,","
src/pages/page01_data_basic_clean.py,26,","
src/pages/page01_data_basic_clean.py,28,","
src/pages/page01_data_basic_clean.py,32,","
src/pages/page01_data_basic_clean.py,33,","
src/pages/page01_data_basic_clean.py,89,raw_rows
src/pages/page01_data_basic_clean.py,89,","
src/pages/page01_data_basic_clean.py,91,clean_rows
src/pages/page01_data_basic_clean.py,91,","
src/pages/page01_data_basic_clean.py,143,Rows
src/pages/page01_data_basic_clean.py,143,Min
src/pages/page01_data_basic_clean.py,143,Q1
src/pages/page01_data_basic_clean.py,143,Median
src/pages/page01_data_basic_clean.py,143,Mean
src/pages/page01_data_basic_clean.py,143,Q3
src/pages/page01_data_basic_clean.py,143,Max
src/pages/page01_data_basic_clean.py,143,Std
src/pages/page01_data_basic_clean.py,231,raw_rows
src/pages/page01_data_basic_clean.py,231,clean_rows
src/pages/page01_data_basic_clean.py,231,raw_columns
src/pages/page01_data_basic_clean.py,231,clean_columns
src/pages/page01_data_basic_clean.py,250,outputs
src/pages/page01_data_basic_clean.py,290,experience_level
src/pages/page01_data_basic_clean.py,290,records
src/pages/page01_data_basic_clean.py,291,mean_salary
src/pages/page01_data_basic_clean.py,291,median_salary
src/pages/page01_data_basic_clean.py,348,+.2f
src/pages/page01_data_basic_clean.py,366,records
src/pages/page01_data_basic_clean.py,370,status
src/pages/page01_data_basic_clean.py,371,records
src/pages/page01_data_basic_clean.py,372,records
src/pages/page01_data_basic_clean.py,373,Salary Range Audit — Status
src/pages/page01_data_basic_clean.py,375,outside
src/pages/page01_data_basic_clean.py,380,annual_salary_usd
src/pages/page01_data_basic_clean.py,381,range_status
src/pages/page01_data_basic_clean.py,383,overlay
src/pages/page01_data_basic_clean.py,384,Actual Salary Distribution by Range Status
src/pages/page01_data_basic_clean.py,392,lines
src/pages/page01_data_basic_clean.py,392,Stated min
src/pages/page01_data_basic_clean.py,397,lines
src/pages/page01_data_basic_clean.py,397,Stated max
src/pages/page01_data_basic_clean.py,404,markers
src/pages/page01_data_basic_clean.py,405,Actual salary
src/pages/page01_data_basic_clean.py,434,records
src/pages/page01_data_basic_clean.py,438,status
src/pages/page01_data_basic_clean.py,439,records
src/pages/page01_data_basic_clean.py,440,records
src/pages/page01_data_basic_clean.py,441,Salary Tier Consistency — Status
src/pages/page01_data_basic_clean.py,449,auto
src/pages/page01_data_basic_clean.py,450,Stated Tier vs Expected Tier from Annual Salary
src/pages/page01_data_basic_clean.py,522,records
src/pages/page01_data_basic_clean.py,536,mean_salary
src/pages/page01_data_basic_clean.py,537,city
src/pages/page01_data_basic_clean.py,538,mean_salary
src/pages/page01_data_basic_clean.py,539,h
src/pages/page01_data_basic_clean.py,540,country
src/pages/page01_data_basic_clean.py,541,mean_salary
src/pages/page01_data_basic_clean.py,543,Mean Salary by City
src/pages/page01_data_basic_clean.py,545,"$%{text:,.0f}"
src/pages/page01_data_basic_clean.py,545,outside
src/pages/page01_data_basic_clean.py,564,Demand score vs salary
src/pages/page01_data_basic_clean.py,596,","
src/pages/page01_data_basic_clean.py,25,raw_rows
src/pages/page01_data_basic_clean.py,26,raw_columns
src/pages/page01_data_basic_clean.py,28,duplicate_rows_removed
src/pages/page01_data_basic_clean.py,32,clean_rows
src/pages/page01_data_basic_clean.py,33,clean_columns
src/pages/page01_data_basic_clean.py,194,01_data_basic_clean/raw_profile.csv
src/pages/page01_data_basic_clean.py,225,01_data_basic_clean/raw_profile.csv
src/pages/page01_data_basic_clean.py,226,01_data_basic_clean/raw_profile.csv
src/pages/page01_data_basic_clean.py,307,years_of_experience
src/pages/page01_data_basic_clean.py,309,annual_salary_usd
src/pages/page01_data_basic_clean.py,309,mean
src/pages/page01_data_basic_clean.py,310,annual_salary_usd
src/pages/page01_data_basic_clean.py,310,median
src/pages/page01_data_basic_clean.py,311,annual_salary_usd
src/pages/page01_data_basic_clean.py,311,size
src/pages/page01_data_basic_clean.py,321,$
src/pages/page01_data_basic_clean.py,365,status
src/pages/page01_data_basic_clean.py,418,.1f
src/pages/page01_data_basic_clean.py,433,status
src/pages/page01_data_basic_clean.py,466,.1f
src/pages/page01_data_basic_clean.py,542,records
src/pages/page01_data_basic_clean.py,558,years_of_experience
src/pages/page01_data_basic_clean.py,561,Salary by Years of Experience
src/pages/page01_data_basic_clean.py,609,+.2f
src/pages/page01_data_basic_clean.py,623,+.2f
src/pages/page01_data_basic_clean.py,281,experience_level
src/pages/page01_data_basic_clean.py,283,annual_salary_usd
src/pages/page01_data_basic_clean.py,283,mean
src/pages/page01_data_basic_clean.py,284,annual_salary_usd
src/pages/page01_data_basic_clean.py,284,median
src/pages/page01_data_basic_clean.py,285,annual_salary_usd
src/pages/page01_data_basic_clean.py,285,size
src/pages/page01_data_basic_clean.py,387,annual_salary_usd
src/pages/page01_data_basic_clean.py,451,Expected tier
src/pages/page01_data_basic_clean.py,451,Stated tier
src/pages/page01_data_basic_clean.py,451,Records
src/pages/page01_data_basic_clean.py,559,mean_salary
src/pages/page01_data_basic_clean.py,559,median_salary
src/pages/page01_data_basic_clean.py,562,value
src/pages/page01_data_basic_clean.py,562,variable
src/pages/page01_data_basic_clean.py,562,Salary (USD)
src/pages/page01_data_basic_clean.py,562,Metric
src/pages/page01_data_basic_clean.py,567,demand_score
src/pages/page01_data_basic_clean.py,568,annual_salary_usd
src/pages/page01_data_basic_clean.py,569,job_category
src/pages/page01_data_basic_clean.py,571,Demand Score vs Annual Salary
src/pages/page01_data_basic_clean.py,577,benefits_score_10
src/pages/page01_data_basic_clean.py,578,annual_salary_usd
src/pages/page01_data_basic_clean.py,579,job_category
src/pages/page01_data_basic_clean.py,581,Benefits Score vs Annual Salary
src/pages/page01_data_basic_clean.py,145,","
src/pages/page01_data_basic_clean.py,321,",.0f"
src/pages/page01_data_basic_clean.py,490,job_category
src/pages/page01_data_basic_clean.py,492,annual_salary_usd
src/pages/page01_data_basic_clean.py,492,mean
src/pages/page01_data_basic_clean.py,492,annual_salary_usd
src/pages/page01_data_basic_clean.py,492,size
src/pages/page01_data_basic_clean.py,570,job_title
src/pages/page01_data_basic_clean.py,570,country
src/pages/page01_data_basic_clean.py,570,years_of_experience
src/pages/page01_data_basic_clean.py,580,job_title
src/pages/page01_data_basic_clean.py,580,country
src/pages/page01_data_basic_clean.py,580,years_of_experience
src/pages/page01_data_basic_clean.py,341,years_of_experience
src/pages/page01_data_basic_clean.py,341,annual_salary_usd
src/pages/page01_data_basic_clean.py,509,country
src/pages/page01_data_basic_clean.py,511,annual_salary_usd
src/pages/page01_data_basic_clean.py,511,mean
src/pages/page01_data_basic_clean.py,511,annual_salary_usd
src/pages/page01_data_basic_clean.py,511,size
src/pages/page01_data_basic_clean.py,548,years_of_experience
src/pages/page01_data_basic_clean.py,550,annual_salary_usd
src/pages/page01_data_basic_clean.py,550,mean
src/pages/page01_data_basic_clean.py,551,annual_salary_usd
src/pages/page01_data_basic_clean.py,551,median
src/pages/page01_data_basic_clean.py,552,annual_salary_usd
src/pages/page01_data_basic_clean.py,552,size
src/pages/page01_data_basic_clean.py,530,annual_salary_usd
src/pages/page01_data_basic_clean.py,530,mean
src/pages/page01_data_basic_clean.py,530,annual_salary_usd
src/pages/page01_data_basic_clean.py,530,size
src/pages/page01_data_basic_clean.py,603,years_of_experience
src/pages/page01_data_basic_clean.py,603,annual_salary_usd
src/pages/page01_data_basic_clean.py,617,annual_salary_usd
src/pages/page01_data_basic_clean.py,528,city
src/pages/page01_data_basic_clean.py,528,country
src/pages/page02_data_ready.py,13,admin
src/pages/page02_data_ready.py,15,2. Data Ready for Machine Learning
src/pages/page02_data_ready.py,17,Common Foundation — Stage 4 Feature Importance & Leakage Prevention → Stage 5 Feature Selection → Branch B B1–B3 Temporal Split & TRAIN-only Preprocessing
src/pages/page02_data_ready.py,19,02_data_ready_for_ml/feature_policy.csv
src/pages/page02_data_ready.py,20,02_data_ready_for_ml/temporal_split_summary.json
src/pages/page02_data_ready.py,21,02_data_ready_for_ml/preprocessing_contract.json
src/pages/page02_data_ready.py,22,02_data_ready_for_ml/train_encoded_correlations.csv
src/pages/page02_data_ready.py,23,02_data_ready_for_ml/ablation_results.csv
src/pages/page02_data_ready.py,25,02_data_ready_for_ml/monthly_split_counts.csv
src/pages/page02_data_ready.py,30,02_data_ready_for_ml/preprocessing_feature_map.csv
src/pages/page02_data_ready.py,35,02_data_ready_for_ml/numeric_scaling_summary.csv
src/pages/page02_data_ready.py,40,02_data_ready_for_ml/skill_token_summary.csv
src/pages/page02_data_ready.py,45,02_data_ready_for_ml/skill_target_correlations.csv
src/pages/page02_data_ready.py,63,Stage 4 · Governance & Correlation
src/pages/page02_data_ready.py,64,Stage 5 · Ablation & Selection
src/pages/page02_data_ready.py,65,B1–B3 · Temporal Split & Preprocessing
src/pages/page02_data_ready.py,66,Skills Analysis
src/pages/page02_data_ready.py,67,Interactive Chart Explorer
src/pages/page02_data_ready.py,68,Evidence Tables
src/pages/page02_data_ready.py,72,### Stage 4 — Feature Importance & Leakage Prevention
src/pages/page02_data_ready.py,85,Top encoded correlations
src/pages/page02_data_ready.py,87,Correlation view
src/pages/page02_data_ready.py,93,Positive only
src/pages/page02_data_ready.py,99,pearson_r
src/pages/page02_data_ready.py,110,p2_corr
src/pages/page02_data_ready.py,112,Correlation is computed on TRAIN/DEV only. It is diagnostic association and does not establish causality.
src/pages/page02_data_ready.py,120,The leakage gate is intentionally stricter than simple correlation ranking: target-adjacent or contradictory fields remain blocked even if they look predictive.
src/pages/page02_data_ready.py,121,"Use correlations to diagnose signal concentration, but let feature policy and temporal ablation decide what can enter the model."
src/pages/page02_data_ready.py,122,warning
src/pages/page02_data_ready.py,126,### Stage 5 — Feature Selection / Ablation
src/pages/page02_data_ready.py,128,Ablation comparison metric
src/pages/page02_data_ready.py,130,R2_mean
src/pages/page02_data_ready.py,145,p2_ablation
src/pages/page02_data_ready.py,175,Ablation isolates incremental predictive contribution; it does not automatically override leakage or deployment-governance rules.
src/pages/page02_data_ready.py,176,Retain only feature families whose out-of-time improvement is material and semantically defensible.
src/pages/page02_data_ready.py,181,### B1–B3 — Locked Temporal Test & TRAIN-only Preprocessing
src/pages/page02_data_ready.py,203,"Time ordering is preserved and all learned preprocessing objects are fit on DEV only, preventing look-ahead through category vocabularies or scaling statistics."
src/pages/page02_data_ready.py,204,Do not inspect locked-test labels during model-family comparison or tuning; open them only after the configuration is frozen.
src/pages/page02_data_ready.py,205,success
src/pages/page02_data_ready.py,228,02_data_ready_for_ml/development_raw.csv
src/pages/page02_data_ready.py,229,02_data_ready_for_ml/train_preprocessed.csv
src/pages/page02_data_ready.py,288,### Skills — Multi-hot Encoding Evidence
src/pages/page02_data_ready.py,348,### Interactive Chart Explorer
src/pages/page02_data_ready.py,351,Choose evidence view
src/pages/page02_data_ready.py,359,p2_explorer_select
src/pages/page02_data_ready.py,361,Top N
src/pages/page02_data_ready.py,362,Top feature-family correlation
src/pages/page02_data_ready.py,433,p2_explorer
src/pages/page02_data_ready.py,437,"Use the selector to test whether the same conclusion persists across correlation, split, ablation and skills views."
src/pages/page02_data_ready.py,438,"If a conclusion changes materially by view, treat the feature as uncertain and prioritize temporal-validation evidence."
src/pages/page02_data_ready.py,439,info
src/pages/page02_data_ready.py,443,Feature Governance Policy
src/pages/page02_data_ready.py,443,p2_policy
src/pages/page02_data_ready.py,444,TRAIN-only Encoded Correlations
src/pages/page02_data_ready.py,444,p2_corr_table
src/pages/page02_data_ready.py,445,Ablation Results
src/pages/page02_data_ready.py,445,p2_ablation_table
src/pages/page02_data_ready.py,53,Allowed raw inputs
src/pages/page02_data_ready.py,54,Blocked fields
src/pages/page02_data_ready.py,55,DEV rows
src/pages/page02_data_ready.py,56,Locked test rows
src/pages/page02_data_ready.py,57,Encoded train features
src/pages/page02_data_ready.py,81,p2_policy_pie
src/pages/page02_data_ready.py,84,correlation
src/pages/page02_data_ready.py,85,p2_corr_topn
src/pages/page02_data_ready.py,88,Absolute strongest
src/pages/page02_data_ready.py,88,Positive only
src/pages/page02_data_ready.py,88,Negative only
src/pages/page02_data_ready.py,90,p2_corr_dir
src/pages/page02_data_ready.py,94,pearson_r
src/pages/page02_data_ready.py,95,Negative only
src/pages/page02_data_ready.py,102,encoded_feature
src/pages/page02_data_ready.py,103,pearson_r
src/pages/page02_data_ready.py,104,h
src/pages/page02_data_ready.py,105,pearson_r
src/pages/page02_data_ready.py,106,TRAIN-only Encoded Feature Correlation with annual_salary_usd
src/pages/page02_data_ready.py,108,%{text:+.2f}
src/pages/page02_data_ready.py,108,outside
src/pages/page02_data_ready.py,119,Governance keeps 
src/pages/page02_data_ready.py,119, raw serving inputs and blocks 
src/pages/page02_data_ready.py,119, fields. Strongest TRAIN-only encoded association is 
src/pages/page02_data_ready.py,119, at r=
src/pages/page02_data_ready.py,119,.
src/pages/page02_data_ready.py,128,MAE_mean
src/pages/page02_data_ready.py,128,RMSE_mean
src/pages/page02_data_ready.py,128,R2_mean
src/pages/page02_data_ready.py,128,p2_abl_metric
src/pages/page02_data_ready.py,134,option
src/pages/page02_data_ready.py,136,h
src/pages/page02_data_ready.py,141,MAE_mean
src/pages/page02_data_ready.py,141,RMSE_mean
src/pages/page02_data_ready.py,148,Best ablation by temporal-CV MAE: **
src/pages/page02_data_ready.py,148,** at **
src/pages/page02_data_ready.py,148,**. This evidence is used diagnostically; governance rules still control the serving contract.
src/pages/page02_data_ready.py,159,stretch
src/pages/page02_data_ready.py,174,Best ablation is 
src/pages/page02_data_ready.py,174, with mean temporal-CV MAE 
src/pages/page02_data_ready.py,174,", a "
src/pages/page02_data_ready.py,174,% improvement versus the conservative reference shown here.
src/pages/page02_data_ready.py,177,success
src/pages/page02_data_ready.py,177,warning
src/pages/page02_data_ready.py,183,Locked period: **
src/pages/page02_data_ready.py,183,** — 
src/pages/page02_data_ready.py,183, rows (
src/pages/page02_data_ready.py,183,"%). The locked period is excluded from CV, feature selection and preprocessing fitting."
src/pages/page02_data_ready.py,196,p2_monthly
src/pages/page02_data_ready.py,198,The ColumnTransformer was fitted on DEV only and produced **
src/pages/page02_data_ready.py,198, encoded features**. Test data are transformed with the frozen objects only — no re-fitting.
src/pages/page02_data_ready.py,202,DEV contains 
src/pages/page02_data_ready.py,202, rows; locked 
src/pages/page02_data_ready.py,202, contains 
src/pages/page02_data_ready.py,202, rows (
src/pages/page02_data_ready.py,202,%). The frozen preprocessor expands the approved raw contract to 
src/pages/page02_data_ready.py,202, columns.
src/pages/page02_data_ready.py,237,Numeric feature distribution — before vs after scaling
src/pages/page02_data_ready.py,278,Inspect encoded columns from original feature
src/pages/page02_data_ready.py,290,No skill-token summary is available for this run.
src/pages/page02_data_ready.py,292,Top skills
src/pages/page02_data_ready.py,294,Skill chart metric
src/pages/page02_data_ready.py,308,salary_mean
src/pages/page02_data_ready.py,312,p2_skill_chart
src/pages/page02_data_ready.py,327,records
src/pages/page02_data_ready.py,342,Sparse skills can be useful for scenario detail but unstable for inference if they have little support.
src/pages/page02_data_ready.py,343,"Keep the full TRAIN vocabulary for the serving contract, but avoid claiming rare skills are reliable salary drivers without external validation."
src/pages/page02_data_ready.py,353,Top feature-family correlation
src/pages/page02_data_ready.py,354,Top encoded Pearson correlation
src/pages/page02_data_ready.py,355,Temporal monthly split
src/pages/page02_data_ready.py,356,Ablation comparison
src/pages/page02_data_ready.py,357,Skill frequency vs salary
src/pages/page02_data_ready.py,361,p2_explorer_topn
src/pages/page02_data_ready.py,375,signed_r
src/pages/page02_data_ready.py,387,Top encoded Pearson correlation
src/pages/page02_data_ready.py,436,Explorer view: 
src/pages/page02_data_ready.py,436,". The visual is generated from the active run's saved TRAIN/DEV evidence, not hard-coded values."
src/pages/page02_data_ready.py,447,Encoding / Feature Construction Map
src/pages/page02_data_ready.py,447,p2_feature_map
src/pages/page02_data_ready.py,449,Numeric Scaling Summary
src/pages/page02_data_ready.py,449,p2_scaling_table
src/pages/page02_data_ready.py,451,Skill Token Summary
src/pages/page02_data_ready.py,451,p2_skill_table
src/pages/page02_data_ready.py,456,Skill-target Correlation (TRAIN only)
src/pages/page02_data_ready.py,457,p2_skill_corr_table
src/pages/page02_data_ready.py,26,outputs/02_data_ready_for_ml/monthly_split_counts.csv
src/pages/page02_data_ready.py,31,outputs/02_data_ready_for_ml/preprocessing_feature_map.csv
src/pages/page02_data_ready.py,36,outputs/02_data_ready_for_ml/numeric_scaling_summary.csv
src/pages/page02_data_ready.py,41,outputs/02_data_ready_for_ml/skill_token_summary.csv
src/pages/page02_data_ready.py,46,outputs/02_data_ready_for_ml/skill_target_correlations.csv
src/pages/page02_data_ready.py,57,encoded_feature_count
src/pages/page02_data_ready.py,77,policy
src/pages/page02_data_ready.py,78,Feature Governance Mix
src/pages/page02_data_ready.py,83,stretch
src/pages/page02_data_ready.py,96,pearson_r
src/pages/page02_data_ready.py,98,abs_r
src/pages/page02_data_ready.py,114,abs_r
src/pages/page02_data_ready.py,138,feature_count
src/pages/page02_data_ready.py,138,features
src/pages/page02_data_ready.py,139,Ablation Study — 
src/pages/page02_data_ready.py,142,"$%{text:,.0f}"
src/pages/page02_data_ready.py,142,outside
src/pages/page02_data_ready.py,144,%{text:.3f}
src/pages/page02_data_ready.py,144,outside
src/pages/page02_data_ready.py,146,MAE_mean
src/pages/page02_data_ready.py,153,MAE_mean
src/pages/page02_data_ready.py,154,MAE_std
src/pages/page02_data_ready.py,155,RMSE_mean
src/pages/page02_data_ready.py,156,R2_mean
src/pages/page02_data_ready.py,153,"${:,.0f}"
src/pages/page02_data_ready.py,154,"${:,.0f}"
src/pages/page02_data_ready.py,155,"${:,.0f}"
src/pages/page02_data_ready.py,156,{:.3f}
src/pages/page02_data_ready.py,188,period
src/pages/page02_data_ready.py,189,records
src/pages/page02_data_ready.py,190,split
src/pages/page02_data_ready.py,191,stack
src/pages/page02_data_ready.py,192,records
src/pages/page02_data_ready.py,193,Monthly Posting Volume & Locked Temporal Test
src/pages/page02_data_ready.py,195,outside
src/pages/page02_data_ready.py,217,p2_scaling_mean
src/pages/page02_data_ready.py,226,p2_scaling_std
src/pages/page02_data_ready.py,232,years_of_experience
src/pages/page02_data_ready.py,232,demand_score
src/pages/page02_data_ready.py,232,benefits_score_10
src/pages/page02_data_ready.py,232,skill_count
src/pages/page02_data_ready.py,239,p2_scale_feature
src/pages/page02_data_ready.py,262,p2_scale_distribution
src/pages/page02_data_ready.py,280,p2_map_original
src/pages/page02_data_ready.py,283,All
src/pages/page02_data_ready.py,285,stretch
src/pages/page02_data_ready.py,292,p2_skill_topn
src/pages/page02_data_ready.py,295,records
src/pages/page02_data_ready.py,295,salary_mean
src/pages/page02_data_ready.py,295,years_mean
src/pages/page02_data_ready.py,296,p2_skill_metric
src/pages/page02_data_ready.py,298,records
src/pages/page02_data_ready.py,301,skill
src/pages/page02_data_ready.py,303,h
src/pages/page02_data_ready.py,314,pearson_r
src/pages/page02_data_ready.py,326,p2_skill_corr
src/pages/page02_data_ready.py,329,Skills with fewer than 50 records: 
src/pages/page02_data_ready.py,329, of 
src/pages/page02_data_ready.py,329, tokens in the current TRAIN vocabulary.
src/pages/page02_data_ready.py,331,Skills with <50 records
src/pages/page02_data_ready.py,338, Strongest skill-target |r| is 
src/pages/page02_data_ready.py,338, at r=
src/pages/page02_data_ready.py,338,.
src/pages/page02_data_ready.py,341,Most frequent TRAIN skill is 
src/pages/page02_data_ready.py,341, (
src/pages/page02_data_ready.py,341, records). 
src/pages/page02_data_ready.py,341,% of skill tokens occur in fewer than 50 records.
src/pages/page02_data_ready.py,344,warning
src/pages/page02_data_ready.py,344,info
src/pages/page02_data_ready.py,364,Feature map is unavailable.
src/pages/page02_data_ready.py,366,encoded_feature
src/pages/page02_data_ready.py,366,left
src/pages/page02_data_ready.py,379,original_feature
src/pages/page02_data_ready.py,380,signed_r
src/pages/page02_data_ready.py,381,h
src/pages/page02_data_ready.py,382,signed_r
src/pages/page02_data_ready.py,383,Top Feature-family Correlation on TRAIN
src/pages/page02_data_ready.py,385,%{text:+.2f}
src/pages/page02_data_ready.py,385,outside
src/pages/page02_data_ready.py,388,pearson_r
src/pages/page02_data_ready.py,399,Temporal monthly split
src/pages/page02_data_ready.py,115,BLOCK
src/pages/page02_data_ready.py,116,ALLOW
src/pages/page02_data_ready.py,119,+.2f
src/pages/page02_data_ready.py,131,R2_mean
src/pages/page02_data_ready.py,148,option
src/pages/page02_data_ready.py,164,Conservative
src/pages/page02_data_ready.py,174,option
src/pages/page02_data_ready.py,174,.1f
src/pages/page02_data_ready.py,183,locked_test_period_label
src/pages/page02_data_ready.py,183,locked_test_rows
src/pages/page02_data_ready.py,183,","
src/pages/page02_data_ready.py,183,locked_test_pct
src/pages/page02_data_ready.py,183,.1f
src/pages/page02_data_ready.py,198,encoded_feature_count
src/pages/page02_data_ready.py,202,development_rows
src/pages/page02_data_ready.py,202,","
src/pages/page02_data_ready.py,202,locked_test_period_label
src/pages/page02_data_ready.py,202,locked_test_rows
src/pages/page02_data_ready.py,202,","
src/pages/page02_data_ready.py,202,locked_test_pct
src/pages/page02_data_ready.py,202,.1f
src/pages/page02_data_ready.py,202,encoded_feature_count
src/pages/page02_data_ready.py,212,feature
src/pages/page02_data_ready.py,214,group
src/pages/page02_data_ready.py,215,Numeric Feature Means — Before vs After Scaling
src/pages/page02_data_ready.py,221,feature
src/pages/page02_data_ready.py,223,group
src/pages/page02_data_ready.py,224,Numeric Feature Standard Deviation — Before vs After Scaling
src/pages/page02_data_ready.py,246,value
src/pages/page02_data_ready.py,246,state
src/pages/page02_data_ready.py,246,Before scaling
src/pages/page02_data_ready.py,249,value
src/pages/page02_data_ready.py,249,state
src/pages/page02_data_ready.py,249,After scaling
src/pages/page02_data_ready.py,254,value
src/pages/page02_data_ready.py,255,state
src/pages/page02_data_ready.py,257,overlay
src/pages/page02_data_ready.py,259,box
src/pages/page02_data_ready.py,272,"Scaling changes units, not information content. The same frozen transform is applied to the locked test."
src/pages/page02_data_ready.py,273,Use the post-scaling distribution to verify that preprocessing behaves as expected; do not fit a separate scaler on test data.
src/pages/page02_data_ready.py,274,info
src/pages/page02_data_ready.py,279,All
src/pages/page02_data_ready.py,298,years_mean
src/pages/page02_data_ready.py,305,records
src/pages/page02_data_ready.py,305,salary_mean
src/pages/page02_data_ready.py,305,salary_median
src/pages/page02_data_ready.py,305,years_mean
src/pages/page02_data_ready.py,306,Top Skill Tokens — 
src/pages/page02_data_ready.py,309,"$%{text:,.0f}"
src/pages/page02_data_ready.py,309,outside
src/pages/page02_data_ready.py,311,"%{text:,.1f}"
src/pages/page02_data_ready.py,311,outside
src/pages/page02_data_ready.py,317,skill
src/pages/page02_data_ready.py,318,pearson_r
src/pages/page02_data_ready.py,319,h
src/pages/page02_data_ready.py,320,pearson_r
src/pages/page02_data_ready.py,322,Top Skill Tokens by TRAIN-only Correlation with annual_salary_usd
src/pages/page02_data_ready.py,324,%{text:+.2f}
src/pages/page02_data_ready.py,324,outside
src/pages/page02_data_ready.py,332,stretch
src/pages/page02_data_ready.py,333,records
src/pages/page02_data_ready.py,374,max_abs_r
src/pages/page02_data_ready.py,391,encoded_feature
src/pages/page02_data_ready.py,392,pearson_r
src/pages/page02_data_ready.py,393,h
src/pages/page02_data_ready.py,394,pearson_r
src/pages/page02_data_ready.py,395,Top Encoded Features by Pearson Correlation on TRAIN
src/pages/page02_data_ready.py,397,%{text:+.2f}
src/pages/page02_data_ready.py,397,outside
src/pages/page02_data_ready.py,408,Ablation comparison
src/pages/page02_data_ready.py,55,development_rows
src/pages/page02_data_ready.py,55,","
src/pages/page02_data_ready.py,56,locked_test_rows
src/pages/page02_data_ready.py,56,","
src/pages/page02_data_ready.py,76,ALLOW
src/pages/page02_data_ready.py,76,BLOCK
src/pages/page02_data_ready.py,84,outputs
src/pages/page02_data_ready.py,148,MAE_mean
src/pages/page02_data_ready.py,163,Conservative
src/pages/page02_data_ready.py,213,before_mean
src/pages/page02_data_ready.py,213,after_mean
src/pages/page02_data_ready.py,222,before_std
src/pages/page02_data_ready.py,222,after_std
src/pages/page02_data_ready.py,260, — Distribution Before vs After Scaling
src/pages/page02_data_ready.py,271,: mean/std change from 
src/pages/page02_data_ready.py,271,/
src/pages/page02_data_ready.py,271, to 
src/pages/page02_data_ready.py,271,/
src/pages/page02_data_ready.py,271, after the TRAIN-fitted scaler.
src/pages/page02_data_ready.py,321,records
src/pages/page02_data_ready.py,329,","
src/pages/page02_data_ready.py,329,","
src/pages/page02_data_ready.py,337,abs_r
src/pages/page02_data_ready.py,338,+.2f
src/pages/page02_data_ready.py,341,.1f
src/pages/page02_data_ready.py,388,abs_r
src/pages/page02_data_ready.py,402,period
src/pages/page02_data_ready.py,403,records
src/pages/page02_data_ready.py,404,split
src/pages/page02_data_ready.py,405,records
src/pages/page02_data_ready.py,406,Temporal Split
src/pages/page02_data_ready.py,53,ALLOW
src/pages/page02_data_ready.py,54,BLOCK
src/pages/page02_data_ready.py,410,MAE_mean
src/pages/page02_data_ready.py,411,option
src/pages/page02_data_ready.py,412,MAE_mean
src/pages/page02_data_ready.py,413,h
src/pages/page02_data_ready.py,414,MAE_mean
src/pages/page02_data_ready.py,415,Ablation MAE
src/pages/page02_data_ready.py,417,"$%{text:,.0f}"
src/pages/page02_data_ready.py,417,outside
src/pages/page02_data_ready.py,419,records
src/pages/page02_data_ready.py,421,Skill summary is unavailable.
src/pages/page02_data_ready.py,425,records
src/pages/page02_data_ready.py,426,salary_mean
src/pages/page02_data_ready.py,427,records
src/pages/page02_data_ready.py,428,skill
src/pages/page02_data_ready.py,430,Skill Frequency vs Mean Salary
src/pages/page02_data_ready.py,432,top center
src/pages/page02_data_ready.py,242,__
src/pages/page02_data_ready.py,271,.2f
src/pages/page02_data_ready.py,271,.2f
src/pages/page02_data_ready.py,271,.2f
src/pages/page02_data_ready.py,271,.2f
src/pages/page02_data_ready.py,429,years_mean
src/pages/page02_data_ready.py,368,original_feature
src/pages/page02_data_ready.py,370,abs_r
src/pages/page02_data_ready.py,370,max
src/pages/page02_data_ready.py,371,pearson_r
src/pages/page03_segmentation.py,18,03_ai_job_market_segmentation
src/pages/page03_segmentation.py,23,family_dimensions
src/pages/page03_segmentation.py,24,family_balance_diagnostics
src/pages/page03_segmentation.py,25,pca_variance
src/pages/page03_segmentation.py,26,cluster_evaluation
src/pages/page03_segmentation.py,27,resample_stability_runs
src/pages/page03_segmentation.py,28,candidate_cluster_assignments
src/pages/page03_segmentation.py,29,candidate_cluster_coordinates
src/pages/page03_segmentation.py,30,candidate_cluster_balance
src/pages/page03_segmentation.py,31,cluster_assignments
src/pages/page03_segmentation.py,32,cluster_profiles
src/pages/page03_segmentation.py,33,cluster_job_category_profile
src/pages/page03_segmentation.py,34,cluster_skill_profile
src/pages/page03_segmentation.py,35,cluster_experience_level_profile
src/pages/page03_segmentation.py,36,cluster_years_distribution
src/pages/page03_segmentation.py,37,cluster_company_profile
src/pages/page03_segmentation.py,38,cluster_geography_profile
src/pages/page03_segmentation.py,39,cluster_market_signal_values
src/pages/page03_segmentation.py,40,country_cluster_profile
src/pages/page03_segmentation.py,41,city_cluster_profile
src/pages/page03_segmentation.py,43,feature_space_option_summary
src/pages/page03_segmentation.py,44,feature_space_candidate_metrics
src/pages/page03_segmentation.py,45,feature_space_pairwise_ari
src/pages/page03_segmentation.py,46,correlation_feature_selection
src/pages/page03_segmentation.py,47,correlation_redundancy_pairs
src/pages/page03_segmentation.py,48,correlation_family_summary
src/pages/page03_segmentation.py,49,o2_candidate_metrics
src/pages/page03_segmentation.py,50,o2_resample_stability_runs
src/pages/page03_segmentation.py,51,o2_candidate_assignments
src/pages/page03_segmentation.py,52,o2_visual_coordinates
src/pages/page03_segmentation.py,54,representation_summary
src/pages/page03_segmentation.py,55,representation_pairwise_ari
src/pages/page03_segmentation.py,56,representation_candidate_metrics
src/pages/page03_segmentation.py,57,representation_pca_variance
src/pages/page03_segmentation.py,58,representation_top_loadings
src/pages/page03_segmentation.py,59,representation_candidate_assignments
src/pages/page03_segmentation.py,60,representation_resample_stability_runs
src/pages/page03_segmentation.py,61,representation_selected_assignments
src/pages/page03_segmentation.py,62,selected_representation_family_pca_summary
src/pages/page03_segmentation.py,63,feature_dependency_summary
src/pages/page03_segmentation.py,126,Data-driven interpretation
src/pages/page03_segmentation.py,148,—
src/pages/page03_segmentation.py,1309,Secondary alternative
src/pages/page03_segmentation.py,1314,Reject / review — hard gate failed
src/pages/page03_segmentation.py,1319,Strong candidate — eligible and near-best
src/pages/page03_segmentation.py,1324,OFFICIAL representation
src/pages/page03_segmentation.py,1408,admin
src/pages/page03_segmentation.py,69,family
src/pages/page03_segmentation.py,70,raw_fields
src/pages/page03_segmentation.py,71,representation
src/pages/page03_segmentation.py,69,Job Domain
src/pages/page03_segmentation.py,70,"job_title, job_category"
src/pages/page03_segmentation.py,71,Nominal one-hot block
src/pages/page03_segmentation.py,74,family
src/pages/page03_segmentation.py,75,raw_fields
src/pages/page03_segmentation.py,76,representation
src/pages/page03_segmentation.py,74,Experience & Education
src/pages/page03_segmentation.py,75,"years_of_experience, education_required"
src/pages/page03_segmentation.py,76,Scaled numeric + nominal one-hot
src/pages/page03_segmentation.py,79,family
src/pages/page03_segmentation.py,80,raw_fields
src/pages/page03_segmentation.py,81,representation
src/pages/page03_segmentation.py,79,Company & Work Mode
src/pages/page03_segmentation.py,80,"remote_work, company_size, industry"
src/pages/page03_segmentation.py,81,Nominal one-hot block
src/pages/page03_segmentation.py,84,family
src/pages/page03_segmentation.py,85,raw_fields
src/pages/page03_segmentation.py,86,representation
src/pages/page03_segmentation.py,84,Geography
src/pages/page03_segmentation.py,85,"city, country"
src/pages/page03_segmentation.py,86,Nominal one-hot block
src/pages/page03_segmentation.py,89,family
src/pages/page03_segmentation.py,90,raw_fields
src/pages/page03_segmentation.py,91,representation
src/pages/page03_segmentation.py,89,Demand / Benefits
src/pages/page03_segmentation.py,90,"demand_score, benefits_score_10"
src/pages/page03_segmentation.py,91,Scaled numeric block
src/pages/page03_segmentation.py,94,family
src/pages/page03_segmentation.py,95,raw_fields
src/pages/page03_segmentation.py,96,representation
src/pages/page03_segmentation.py,94,Skills
src/pages/page03_segmentation.py,95,"required_skills, skill_count"
src/pages/page03_segmentation.py,96,Normalized multi-hot skill tokens + scaled skill_count
src/pages/page03_segmentation.py,178,purpose
src/pages/page03_segmentation.py,183,Algorithm
src/pages/page03_segmentation.py,184,Selected K
src/pages/page03_segmentation.py,185,Silhouette
src/pages/page03_segmentation.py,186,Seed ARI
src/pages/page03_segmentation.py,187,Subsample ARI
src/pages/page03_segmentation.py,188,Min cluster
src/pages/page03_segmentation.py,192,Raw inputs
src/pages/page03_segmentation.py,196,Latent dimensions
src/pages/page03_segmentation.py,202,Variance summary
src/pages/page03_segmentation.py,204,Cross-rep ARI
src/pages/page03_segmentation.py,208,selected_input_features
src/pages/page03_segmentation.py,413,purpose
src/pages/page03_segmentation.py,419,Raw inputs
src/pages/page03_segmentation.py,423,Latent dimensions
src/pages/page03_segmentation.py,429,Variance retained
src/pages/page03_segmentation.py,432,Excluded fields
src/pages/page03_segmentation.py,434,selected_input_features
src/pages/page03_segmentation.py,522,#### O1 vs O2 — feature-space option comparison
src/pages/page03_segmentation.py,524,O1 is feature extraction: clustering uses retained PCA latent dimensions. O2 is feature selection: clustering uses the selected family-balanced encoded X features directly. Both options use the same KMeans/GMM K=2…8 search and the same robustness gates.
src/pages/page03_segmentation.py,531,silhouette
src/pages/page03_segmentation.py,532,stability_ari
src/pages/page03_segmentation.py,533,resample_stability_ari_mean
src/pages/page03_segmentation.py,534,min_cluster_share
src/pages/page03_segmentation.py,535,clustering_dimensions
src/pages/page03_segmentation.py,536,cross_option_ari
src/pages/page03_segmentation.py,548,Selected feature space
src/pages/page03_segmentation.py,553,O2 correlation threshold
src/pages/page03_segmentation.py,555,Decision tolerance
src/pages/page03_segmentation.py,685,##### Option-level gate matrix
src/pages/page03_segmentation.py,686,stability_threshold
src/pages/page03_segmentation.py,687,resample_stability_threshold
src/pages/page03_segmentation.py,688,minimum_cluster_share_threshold
src/pages/page03_segmentation.py,689,representation_silhouette_tolerance
src/pages/page03_segmentation.py,785,O1 vs O2 — Feature-space Decision Evidence
src/pages/page03_segmentation.py,786,p3_o1_o2_option_summary
src/pages/page03_segmentation.py,793,feature_space_selection
src/pages/page03_segmentation.py,794,Why this feature-space option is selected
src/pages/page03_segmentation.py,822,#### R Compare — representation decision evidence
src/pages/page03_segmentation.py,824,Compare every persisted representation side-by-side before interpreting the official R. The charts below explain the decision using the pipeline's saved evidence only.
src/pages/page03_segmentation.py,829,representation_id
src/pages/page03_segmentation.py,832,silhouette
src/pages/page03_segmentation.py,833,stability_ari
src/pages/page03_segmentation.py,834,resample_stability_ari_mean
src/pages/page03_segmentation.py,835,min_cluster_share
src/pages/page03_segmentation.py,836,mean_cross_representation_ari
src/pages/page03_segmentation.py,837,latent_dimensions
src/pages/page03_segmentation.py,838,raw_input_count
src/pages/page03_segmentation.py,844,selected_representation
src/pages/page03_segmentation.py,867,##### 1. Candidate landscape across all representations
src/pages/page03_segmentation.py,939,##### 2. Best candidate inside each R — common quality metrics
src/pages/page03_segmentation.py,987,"##### 3. Decision views — robustness, separation and parsimony"
src/pages/page03_segmentation.py,1077,##### 4. Representation gate matrix
src/pages/page03_segmentation.py,1079,stability_threshold
src/pages/page03_segmentation.py,1080,resample_stability_threshold
src/pages/page03_segmentation.py,1081,minimum_cluster_share_threshold
src/pages/page03_segmentation.py,1083,representation_silhouette_tolerance
src/pages/page03_segmentation.py,1088,silhouette
src/pages/page03_segmentation.py,1256,##### 6. Transparent R decision table — no composite score
src/pages/page03_segmentation.py,1260,silhouette
src/pages/page03_segmentation.py,1266,resample_stability_ari_mean
src/pages/page03_segmentation.py,1272,mean_cross_representation_ari
src/pages/page03_segmentation.py,1278,latent_dimensions
src/pages/page03_segmentation.py,1291,near_best_separation
src/pages/page03_segmentation.py,1295,eligible
src/pages/page03_segmentation.py,1309,decision_cue
src/pages/page03_segmentation.py,1355,R Comparison — Decision Evidence
src/pages/page03_segmentation.py,1356,p3_rcompare_decision_table
src/pages/page03_segmentation.py,1383,"The R decision is not based on silhouette alone. First retain representations whose selected candidate is valid, stable and balanced. Then keep those within the near-best silhouette tolerance. Among that shortlist, compare cross-representation agreement, subsample robustness and parsimony. These visuals explain the persisted offline choice without replacing it."
src/pages/page03_segmentation.py,1393,Use the official R as the frozen Branch-A representation contract. Keep the other R variants as robustness evidence and re-evaluate them only when the dataset or feature policy changes.
src/pages/page03_segmentation.py,1410,3. AI Job Market Segmentation
src/pages/page03_segmentation.py,1412,Branch A pipeline — A1 Shared Prepared Feature Base → A2 Feature Families → A3 Family Balancing → A4 Feature-space Options (O1 PCA / O2 Correlation) → A5 Same Clustering Search for Both Options → A6 Robustness & O1-vs-O2 Decision → A7 Official Selection → A8 Final Outputs
src/pages/page03_segmentation.py,1422,cluster_assignments
src/pages/page03_segmentation.py,1423,cluster_evaluation
src/pages/page03_segmentation.py,1424,cluster_profiles
src/pages/page03_segmentation.py,1450,"Interpret the page from left to right. Salary is excluded from clustering and is used only after labels are frozen for post-hoc interpretation. Streamlit reads persisted evidence only; it does not refit PCA, KMeans or GMM."
src/pages/page03_segmentation.py,117,cluster
src/pages/page03_segmentation.py,119,job_category
src/pages/page03_segmentation.py,121,country
src/pages/page03_segmentation.py,130,observed
src/pages/page03_segmentation.py,130,No run-level interpretation was persisted.
src/pages/page03_segmentation.py,131,interpretation
src/pages/page03_segmentation.py,131,Re-run the offline pipeline to refresh this evidence.
src/pages/page03_segmentation.py,132,action
src/pages/page03_segmentation.py,133,tone
src/pages/page03_segmentation.py,133,info
src/pages/page03_segmentation.py,145,true
src/pages/page03_segmentation.py,145,1
src/pages/page03_segmentation.py,145,yes
src/pages/page03_segmentation.py,145,y
src/pages/page03_segmentation.py,161,`
src/pages/page03_segmentation.py,161,"` is not available in the active run. Run `python pipeline.py` once with the current codebase, then refresh Streamlit so Branch A can read the persisted evidence."
src/pages/page03_segmentation.py,177,#### 
src/pages/page03_segmentation.py,177, — 
src/pages/page03_segmentation.py,184,—
src/pages/page03_segmentation.py,193,—
src/pages/page03_segmentation.py,199,—
src/pages/page03_segmentation.py,206,excluded_features
src/pages/page03_segmentation.py,206,None
src/pages/page03_segmentation.py,207,**Excluded raw feature(s):** `
src/pages/page03_segmentation.py,207,`
src/pages/page03_segmentation.py,215,representation_id
src/pages/page03_segmentation.py,218,##### KMeans / GMM candidate evidence for this representation
src/pages/page03_segmentation.py,325,representation_candidate_metrics.csv
src/pages/page03_segmentation.py,329,representation_id
src/pages/page03_segmentation.py,332,##### PCA / latent-space evidence for this representation
src/pages/page03_segmentation.py,344,component_number
src/pages/page03_segmentation.py,344,component
src/pages/page03_segmentation.py,371,representation_id
src/pages/page03_segmentation.py,373,absolute_loading
src/pages/page03_segmentation.py,374,##### Top encoded contributors to the representation
src/pages/page03_segmentation.py,375,component
src/pages/page03_segmentation.py,380,encoded_feature
src/pages/page03_segmentation.py,395,representation_id
src/pages/page03_segmentation.py,412,#### 
src/pages/page03_segmentation.py,412, — 
src/pages/page03_segmentation.py,420,—
src/pages/page03_segmentation.py,426,—
src/pages/page03_segmentation.py,440,representation_id
src/pages/page03_segmentation.py,454,component_number
src/pages/page03_segmentation.py,480,representation_id
src/pages/page03_segmentation.py,482,absolute_loading
src/pages/page03_segmentation.py,483,component
src/pages/page03_segmentation.py,490,encoded_feature
src/pages/page03_segmentation.py,518,option_id
src/pages/page03_segmentation.py,519,feature_space_option_summary.csv
src/pages/page03_segmentation.py,549,cross_option_ari
src/pages/page03_segmentation.py,550,O1 ↔ O2 assignment ARI
src/pages/page03_segmentation.py,552,O1 ↔ O2 assignment ARI
src/pages/page03_segmentation.py,552,—
src/pages/page03_segmentation.py,690,silhouette
src/pages/page03_segmentation.py,732,Seed stability
src/pages/page03_segmentation.py,733,Subsample stability
src/pages/page03_segmentation.py,734,Cluster balance
src/pages/page03_segmentation.py,735,Near-best separation
src/pages/page03_segmentation.py,736,Eligible
src/pages/page03_segmentation.py,739,PASS
src/pages/page03_segmentation.py,739,FAIL
src/pages/page03_segmentation.py,757,p3_o1_o2_gate_matrix
src/pages/page03_segmentation.py,762,option_id
src/pages/page03_segmentation.py,763,option_label
src/pages/page03_segmentation.py,764,method
src/pages/page03_segmentation.py,765,internal_representation
src/pages/page03_segmentation.py,766,algorithm
src/pages/page03_segmentation.py,767,k
src/pages/page03_segmentation.py,768,silhouette
src/pages/page03_segmentation.py,769,stability_ari
src/pages/page03_segmentation.py,770,resample_stability_ari_mean
src/pages/page03_segmentation.py,771,min_cluster_share
src/pages/page03_segmentation.py,772,eligible
src/pages/page03_segmentation.py,773,within_option_tolerance
src/pages/page03_segmentation.py,774,clustering_dimensions
src/pages/page03_segmentation.py,775,encoded_features_before
src/pages/page03_segmentation.py,776,selected_encoded_features
src/pages/page03_segmentation.py,777,correlation_threshold
src/pages/page03_segmentation.py,778,interpretability
src/pages/page03_segmentation.py,779,selected_option
src/pages/page03_segmentation.py,818,representation_id
src/pages/page03_segmentation.py,819,representation_summary.csv
src/pages/page03_segmentation.py,845,_selected
src/pages/page03_segmentation.py,847,_selected
src/pages/page03_segmentation.py,851,representation_id
src/pages/page03_segmentation.py,853,k
src/pages/page03_segmentation.py,856,silhouette
src/pages/page03_segmentation.py,857,stability_ari
src/pages/page03_segmentation.py,858,resample_stability_ari_mean
src/pages/page03_segmentation.py,859,min_cluster_share
src/pages/page03_segmentation.py,959,silhouette
src/pages/page03_segmentation.py,960,stability_ari
src/pages/page03_segmentation.py,961,resample_stability_ari_mean
src/pages/page03_segmentation.py,962,min_cluster_share
src/pages/page03_segmentation.py,963,mean_cross_representation_ari
src/pages/page03_segmentation.py,959,Silhouette
src/pages/page03_segmentation.py,960,Seed ARI
src/pages/page03_segmentation.py,961,Subsample ARI
src/pages/page03_segmentation.py,962,Min cluster share
src/pages/page03_segmentation.py,963,Cross-R ARI
src/pages/page03_segmentation.py,965,metric
src/pages/page03_segmentation.py,982,p3_rcompare_grouped_metrics
src/pages/page03_segmentation.py,1084,silhouette_tolerance
src/pages/page03_segmentation.py,1140,GMM
src/pages/page03_segmentation.py,1186,Convergence
src/pages/page03_segmentation.py,1187,Seed stability
src/pages/page03_segmentation.py,1188,Subsample stability
src/pages/page03_segmentation.py,1189,Cluster balance
src/pages/page03_segmentation.py,1190,Near-best separation
src/pages/page03_segmentation.py,1193,PASS
src/pages/page03_segmentation.py,1193,FAIL
src/pages/page03_segmentation.py,1215,p3_rcompare_gate_matrix
src/pages/page03_segmentation.py,1225,##### 5. Cross-representation assignment agreement
src/pages/page03_segmentation.py,1251,p3_rcompare_cross_ari
src/pages/page03_segmentation.py,1261,rank_separation
src/pages/page03_segmentation.py,1267,rank_subsample_stability
src/pages/page03_segmentation.py,1273,rank_cross_R_agreement
src/pages/page03_segmentation.py,1279,rank_parsimony
src/pages/page03_segmentation.py,1313,decision_cue
src/pages/page03_segmentation.py,1318,decision_cue
src/pages/page03_segmentation.py,1323,decision_cue
src/pages/page03_segmentation.py,1329,representation_id
src/pages/page03_segmentation.py,1330,representation_label
src/pages/page03_segmentation.py,1331,algorithm
src/pages/page03_segmentation.py,1332,k
src/pages/page03_segmentation.py,1333,silhouette
src/pages/page03_segmentation.py,1334,stability_ari
src/pages/page03_segmentation.py,1335,resample_stability_ari_mean
src/pages/page03_segmentation.py,1336,min_cluster_share
src/pages/page03_segmentation.py,1337,mean_cross_representation_ari
src/pages/page03_segmentation.py,1338,latent_dimensions
src/pages/page03_segmentation.py,1339,raw_input_count
src/pages/page03_segmentation.py,1340,excluded_features
src/pages/page03_segmentation.py,1341,rank_separation
src/pages/page03_segmentation.py,1342,rank_subsample_stability
src/pages/page03_segmentation.py,1343,rank_cross_R_agreement
src/pages/page03_segmentation.py,1344,rank_parsimony
src/pages/page03_segmentation.py,1345,near_best_separation
src/pages/page03_segmentation.py,1346,eligible
src/pages/page03_segmentation.py,1347,selected_representation
src/pages/page03_segmentation.py,1348,decision_cue
src/pages/page03_segmentation.py,1368,Official representation: 
src/pages/page03_segmentation.py,1368,". Within this R, the selected candidate is "
src/pages/page03_segmentation.py,1370, K=
src/pages/page03_segmentation.py,1370,; silhouette=
src/pages/page03_segmentation.py,1371,", subsample ARI="
src/pages/page03_segmentation.py,1373,", minimum cluster share="
src/pages/page03_segmentation.py,1375,", cross-R ARI="
src/pages/page03_segmentation.py,1377,", latent dimensions="
src/pages/page03_segmentation.py,1379,.
src/pages/page03_segmentation.py,1403,success
src/pages/page03_segmentation.py,1417,/segmentation_metadata.json
src/pages/page03_segmentation.py,1418,/k_selection_rationale.json
src/pages/page03_segmentation.py,1419,/segmentation_insights.json
src/pages/page03_segmentation.py,1432,"Core Branch-A outputs are missing in the active run. Execute `python pipeline.py` first, then relaunch Streamlit."
src/pages/page03_segmentation.py,1454,Display filters — outputs only
src/pages/page03_segmentation.py,1458,Official clusters
src/pages/page03_segmentation.py,1461,Job categories
src/pages/page03_segmentation.py,1464,Countries
src/pages/page03_segmentation.py,1467,Feature family focus
src/pages/page03_segmentation.py,1472,These filters change displayed evidence only; the saved clustering solution is never recalculated in the UI.
src/pages/page03_segmentation.py,1477,No persisted evidence rows match the current display filters.
src/pages/page03_segmentation.py,1482,A1 · Prepared Base
src/pages/page03_segmentation.py,1483,A2 · Feature Families
src/pages/page03_segmentation.py,1484,A3 · Family Balancing
src/pages/page03_segmentation.py,1485,A4 · O1 vs O2 Design
src/pages/page03_segmentation.py,1486,A5 · Same Candidate Search
src/pages/page03_segmentation.py,1487,A6 · Option Compare & Robustness
src/pages/page03_segmentation.py,1488,A7 · Official Selection
src/pages/page03_segmentation.py,1489,A8 · Final Outputs
src/pages/page03_segmentation.py,1497,### A1 — Shared Prepared Feature Base
src/pages/page03_segmentation.py,1499,"Start from the cleaned, leakage-safe feature base created by the common foundation. This stage verifies what information is available before any unsupervised representation is designed."
src/pages/page03_segmentation.py,1521,Records
src/pages/page03_segmentation.py,1523,Target used for clustering
src/pages/page03_segmentation.py,1527,Selected raw inputs
src/pages/page03_segmentation.py,1530,Ablation exclusions
src/pages/page03_segmentation.py,1532,#### Prepared feature contract before representation selection
src/pages/page03_segmentation.py,1539,#### Official feature contract after representation selection
src/pages/page03_segmentation.py,1543,Next → organize the prepared features into six interpretable feature families.
src/pages/page03_segmentation.py,1549,### A2 — Six Feature Families
src/pages/page03_segmentation.py,1551,"Group related variables before clustering so the representation remains interpretable. Encoding is performed inside each family: one-hot for nominal fields, multi-hot for skills, and scaling for numeric signals."
src/pages/page03_segmentation.py,1574,"Interpretation: encoded dimension count is descriptive, not a reason to give a family more influence. The next stage explicitly balances family contribution."
src/pages/page03_segmentation.py,1582,### A3 — Family Balancing
src/pages/page03_segmentation.py,1584,High-dimensional blocks such as skills or geography can dominate Euclidean distance simply because they contain more columns. Family balancing equalizes structural influence before PCA and clustering.
src/pages/page03_segmentation.py,1652,Next → build alternative latent representations and test whether segmentation depends on dominant features.
src/pages/page03_segmentation.py,1659,### A4 — Feature-space Construction: O1 PCA vs O2 Correlation
src/pages/page03_segmentation.py,1661,Two independent feature-space strategies are built from the same family-balanced DEV data. O1 performs feature extraction through PCA; O2 performs feature selection by removing highly correlated encoded features. Salary is not used in either option.
src/pages/page03_segmentation.py,1858,Next → apply the SAME KMeans/GMM K=2…8 search to O1 and O2 so the feature-space choice is evidence-based.
src/pages/page03_segmentation.py,1865,### A5 — Same Clustering Candidate Search for O1 and O2
src/pages/page03_segmentation.py,1867,"Both feature-space options are evaluated under the same protocol: KMeans and GMM, K=2…8, the same seed policy and the same fit diagnostics. This prevents choosing O1 or O2 simply because one option received an easier search."
src/pages/page03_segmentation.py,2030,### A6 — Robustness & O1-vs-O2 Decision
src/pages/page03_segmentation.py,2032,Feature-space choice is made only after robustness evidence is available. The decision order is: validity/convergence → seed stability → subsample stability → minimum cluster share → near-best silhouette → robustness → parsimony.
src/pages/page03_segmentation.py,2187,feature_space_selection
src/pages/page03_segmentation.py,2188,Feature-space decision interpretation
src/pages/page03_segmentation.py,2195,### A7 — Official Selection
src/pages/page03_segmentation.py,2197,A7 freezes the complete Branch-A contract: feature-space option (O1 or O2) + internal representation where applicable + clustering algorithm + K.
src/pages/page03_segmentation.py,2220,selected_k
src/pages/page03_segmentation.py,2225,Feature-space option
src/pages/page03_segmentation.py,2226,Representation
src/pages/page03_segmentation.py,2227,Algorithm
src/pages/page03_segmentation.py,2228,K
src/pages/page03_segmentation.py,2230,Silhouette
src/pages/page03_segmentation.py,2239,Subsample ARI
src/pages/page03_segmentation.py,2248,O1_PCA
src/pages/page03_segmentation.py,2260,**Decision sequence:** same candidate search → convergence/fit validity → seed stability → subsample stability → cluster balance → near-best silhouette → robustness → parsimony.
src/pages/page03_segmentation.py,2328,feature_space_decision
src/pages/page03_segmentation.py,2353,decision_note
src/pages/page03_segmentation.py,2454,feature_space_selection
src/pages/page03_segmentation.py,2455,Why this feature space is selected
src/pages/page03_segmentation.py,2460,k_selection
src/pages/page03_segmentation.py,2461,Why this Algorithm / K is selected
src/pages/page03_segmentation.py,2468,### A8 — Final Outputs & Interpretation
src/pages/page03_segmentation.py,2470,"After the official clustering solution is frozen, interpret the segment labels through cluster profiles, feature-family EDA, geography and post-hoc salary summaries. None of these post-hoc views is used to refit the clusters."
src/pages/page03_segmentation.py,153,%
src/pages/page03_segmentation.py,183,algorithm
src/pages/page03_segmentation.py,183,—
src/pages/page03_segmentation.py,185,silhouette
src/pages/page03_segmentation.py,186,stability_ari
src/pages/page03_segmentation.py,187,resample_stability_ari_mean
src/pages/page03_segmentation.py,188,min_cluster_share
src/pages/page03_segmentation.py,202,variance_retained_summary
src/pages/page03_segmentation.py,204,mean_cross_representation_ari
src/pages/page03_segmentation.py,210,Raw input contract for this representation
src/pages/page03_segmentation.py,234,resample_stability_ari_mean
src/pages/page03_segmentation.py,236,stability_ari
src/pages/page03_segmentation.py,259,min_cluster_share
src/pages/page03_segmentation.py,300,representation_id
src/pages/page03_segmentation.py,301,algorithm
src/pages/page03_segmentation.py,302,k
src/pages/page03_segmentation.py,303,silhouette
src/pages/page03_segmentation.py,304,stability_ari
src/pages/page03_segmentation.py,305,resample_stability_ari_mean
src/pages/page03_segmentation.py,306,resample_stability_ari_p10
src/pages/page03_segmentation.py,307,min_cluster_share
src/pages/page03_segmentation.py,308,eligible
src/pages/page03_segmentation.py,309,selected_within_representation
src/pages/page03_segmentation.py,310,calinski_harabasz
src/pages/page03_segmentation.py,311,davies_bouldin
src/pages/page03_segmentation.py,312,inertia
src/pages/page03_segmentation.py,313,gmm_bic
src/pages/page03_segmentation.py,314,gmm_aic
src/pages/page03_segmentation.py,320, — all candidate metrics
src/pages/page03_segmentation.py,321,p3_
src/pages/page03_segmentation.py,321,_candidate_metrics
src/pages/page03_segmentation.py,334,family
src/pages/page03_segmentation.py,339,Family PCA
src/pages/page03_segmentation.py,344,component_number
src/pages/page03_segmentation.py,345,explained_variance_ratio
src/pages/page03_segmentation.py,352,cumulative_variance
src/pages/page03_segmentation.py,366, — PCA component evidence
src/pages/page03_segmentation.py,366,p3_
src/pages/page03_segmentation.py,366,_pca_table
src/pages/page03_segmentation.py,377,Component
src/pages/page03_segmentation.py,380,encoded_feature
src/pages/page03_segmentation.py,382,absolute_loading
src/pages/page03_segmentation.py,384,absolute_loading
src/pages/page03_segmentation.py,385,h
src/pages/page03_segmentation.py,386,absolute_loading
src/pages/page03_segmentation.py,390,%{text:.3f}
src/pages/page03_segmentation.py,390,outside
src/pages/page03_segmentation.py,391,p3_
src/pages/page03_segmentation.py,391,_loadings
src/pages/page03_segmentation.py,430,variance_retained_summary
src/pages/page03_segmentation.py,432,excluded_features
src/pages/page03_segmentation.py,432,None
src/pages/page03_segmentation.py,436,Raw input contract for this representation
src/pages/page03_segmentation.py,444,family
src/pages/page03_segmentation.py,449,PCA family
src/pages/page03_segmentation.py,455,component_number
src/pages/page03_segmentation.py,456,component
src/pages/page03_segmentation.py,458,explained_variance_ratio
src/pages/page03_segmentation.py,465,cumulative_variance
src/pages/page03_segmentation.py,486,Component loading
src/pages/page03_segmentation.py,490,encoded_feature
src/pages/page03_segmentation.py,492,absolute_loading
src/pages/page03_segmentation.py,494,absolute_loading
src/pages/page03_segmentation.py,495,h
src/pages/page03_segmentation.py,496,absolute_loading
src/pages/page03_segmentation.py,500,%{text:.3f}
src/pages/page03_segmentation.py,500,outside
src/pages/page03_segmentation.py,501,p3_design_
src/pages/page03_segmentation.py,501,_loadings
src/pages/page03_segmentation.py,543,selected_option
src/pages/page03_segmentation.py,544,selected_feature_space_option
src/pages/page03_segmentation.py,544,—
src/pages/page03_segmentation.py,553,correlation_threshold
src/pages/page03_segmentation.py,556,representation_silhouette_tolerance
src/pages/page03_segmentation.py,562,silhouette
src/pages/page03_segmentation.py,563,stability_ari
src/pages/page03_segmentation.py,564,resample_stability_ari_mean
src/pages/page03_segmentation.py,565,min_cluster_share
src/pages/page03_segmentation.py,579,silhouette
src/pages/page03_segmentation.py,580,stability_ari
src/pages/page03_segmentation.py,581,resample_stability_ari_mean
src/pages/page03_segmentation.py,582,min_cluster_share
src/pages/page03_segmentation.py,579,Silhouette
src/pages/page03_segmentation.py,580,Seed ARI
src/pages/page03_segmentation.py,581,Subsample ARI
src/pages/page03_segmentation.py,582,Min cluster share
src/pages/page03_segmentation.py,584,metric
src/pages/page03_segmentation.py,601,p3_o1_o2_common_metrics
src/pages/page03_segmentation.py,635,representation_silhouette_tolerance
src/pages/page03_segmentation.py,643,p3_o1_o2_sep_vs_robustness
src/pages/page03_segmentation.py,665,p3_o1_o2_parsimony
src/pages/page03_segmentation.py,682,p3_o1_o2_pairwise_ari
src/pages/page03_segmentation.py,696,option_id
src/pages/page03_segmentation.py,697,Seed stability
src/pages/page03_segmentation.py,705,Subsample stability
src/pages/page03_segmentation.py,713,Cluster balance
src/pages/page03_segmentation.py,721,Near-best separation
src/pages/page03_segmentation.py,726,Eligible
src/pages/page03_segmentation.py,753,O1/O2 decision gates
src/pages/page03_segmentation.py,754,Decision check
src/pages/page03_segmentation.py,755,Option
src/pages/page03_segmentation.py,829,representation_id
src/pages/page03_segmentation.py,845,selected_representation
src/pages/page03_segmentation.py,852,representation_id
src/pages/page03_segmentation.py,854,k
src/pages/page03_segmentation.py,893,p3_rcompare_all_silhouette
src/pages/page03_segmentation.py,895,Candidate-level silhouette evidence is not available for all representations.
src/pages/page03_segmentation.py,900,resample_stability_ari_mean
src/pages/page03_segmentation.py,901,resample_stability_ari_mean
src/pages/page03_segmentation.py,921,resample_stability_threshold
src/pages/page03_segmentation.py,923,stability_threshold
src/pages/page03_segmentation.py,932,p3_rcompare_all_stability
src/pages/page03_segmentation.py,934,Candidate-level stability evidence is not available for all representations.
src/pages/page03_segmentation.py,943,silhouette
src/pages/page03_segmentation.py,944,stability_ari
src/pages/page03_segmentation.py,945,resample_stability_ari_mean
src/pages/page03_segmentation.py,946,min_cluster_share
src/pages/page03_segmentation.py,947,mean_cross_representation_ari
src/pages/page03_segmentation.py,954,representation_id
src/pages/page03_segmentation.py,955,metric
src/pages/page03_segmentation.py,956,value
src/pages/page03_segmentation.py,965,metric
src/pages/page03_segmentation.py,968,representation_id
src/pages/page03_segmentation.py,969,value
src/pages/page03_segmentation.py,970,metric
src/pages/page03_segmentation.py,971,group
src/pages/page03_segmentation.py,972,value
src/pages/page03_segmentation.py,973,R-level comparison — higher is better
src/pages/page03_segmentation.py,980,%{text:.3f}
src/pages/page03_segmentation.py,980,outside
src/pages/page03_segmentation.py,1027,representation_silhouette_tolerance
src/pages/page03_segmentation.py,1039,p3_rcompare_sep_vs_stability
src/pages/page03_segmentation.py,1041,R-level separation/stability evidence is incomplete.
src/pages/page03_segmentation.py,1070,p3_rcompare_parsimony
src/pages/page03_segmentation.py,1072,Latent-dimension evidence is not available for the parsimony view.
src/pages/page03_segmentation.py,1096,representation_id
src/pages/page03_segmentation.py,1099,representation_id
src/pages/page03_segmentation.py,1137,algorithm
src/pages/page03_segmentation.py,1141,convergence_pass
src/pages/page03_segmentation.py,1173,representation_id
src/pages/page03_segmentation.py,1174,Convergence
src/pages/page03_segmentation.py,1175,Seed stability
src/pages/page03_segmentation.py,1176,Subsample stability
src/pages/page03_segmentation.py,1177,Cluster balance
src/pages/page03_segmentation.py,1178,Near-best separation
src/pages/page03_segmentation.py,1211,Gate status by representation
src/pages/page03_segmentation.py,1212,Decision check
src/pages/page03_segmentation.py,1213,Representation
src/pages/page03_segmentation.py,1227,representation_a
src/pages/page03_segmentation.py,1228,representation_b
src/pages/page03_segmentation.py,1229,ari
src/pages/page03_segmentation.py,1245,.2f
src/pages/page03_segmentation.py,1248,auto
src/pages/page03_segmentation.py,1249,Cross-R ARI — assignment similarity after representation ablation
src/pages/page03_segmentation.py,1262,min
src/pages/page03_segmentation.py,1268,min
src/pages/page03_segmentation.py,1274,min
src/pages/page03_segmentation.py,1280,min
src/pages/page03_segmentation.py,1296,eligible
src/pages/page03_segmentation.py,1404,R selection conclusion
src/pages/page03_segmentation.py,1425,representation_summary
src/pages/page03_segmentation.py,1426,representation_candidate_metrics
src/pages/page03_segmentation.py,1427,feature_space_option_summary
src/pages/page03_segmentation.py,1428,feature_space_candidate_metrics
src/pages/page03_segmentation.py,1440,Records clustered
src/pages/page03_segmentation.py,1441,Feature families
src/pages/page03_segmentation.py,1441,6
src/pages/page03_segmentation.py,1442,Encoded dimensions
src/pages/page03_segmentation.py,1443,Feature-space option
src/pages/page03_segmentation.py,1444,Selected representation
src/pages/page03_segmentation.py,1445,Selected solution
src/pages/page03_segmentation.py,1446,Subsample ARI
src/pages/page03_segmentation.py,1458,p3_clusters
src/pages/page03_segmentation.py,1461,job_category
src/pages/page03_segmentation.py,1461,p3_categories
src/pages/page03_segmentation.py,1464,country
src/pages/page03_segmentation.py,1464,p3_countries
src/pages/page03_segmentation.py,1468,Job Domain
src/pages/page03_segmentation.py,1468,Skills
src/pages/page03_segmentation.py,1468,Experience
src/pages/page03_segmentation.py,1468,Company
src/pages/page03_segmentation.py,1468,Geography
src/pages/page03_segmentation.py,1468,Demand / Benefits
src/pages/page03_segmentation.py,1469,p3_family
src/pages/page03_segmentation.py,1504,representation_input_features
src/pages/page03_segmentation.py,1504,selected_input_features
src/pages/page03_segmentation.py,1507,representation_excluded_features
src/pages/page03_segmentation.py,1507,excluded_raw_features
src/pages/page03_segmentation.py,1513,representation_id
src/pages/page03_segmentation.py,1514,selected_input_features
src/pages/page03_segmentation.py,1524,No
src/pages/page03_segmentation.py,1524,Yes
src/pages/page03_segmentation.py,1528,—
src/pages/page03_segmentation.py,1530,—
src/pages/page03_segmentation.py,1557,family
src/pages/page03_segmentation.py,1559,stretch
src/pages/page03_segmentation.py,1561,encoded_dimensions
src/pages/page03_segmentation.py,1572,p3_a2_family_dims
src/pages/page03_segmentation.py,1590,family_dimensions.csv / family_balance_diagnostics.csv
src/pages/page03_segmentation.py,1592,encoded_dimensions
src/pages/page03_segmentation.py,1593,encoded_dimensions
src/pages/page03_segmentation.py,1649,Family Balance Diagnostics
src/pages/page03_segmentation.py,1649,p3_a3_family_balance
src/pages/page03_segmentation.py,1668,O1 · PCA-based latent representation
src/pages/page03_segmentation.py,1669,O2 · Correlation-based feature selection
src/pages/page03_segmentation.py,1674,#### O1 — PCA-based latent representation
src/pages/page03_segmentation.py,1676,O1 does not force clustering to use only PC1 and PC2. The pipeline retains enough PCs to meet the configured variance rule; PC1/PC2 are display-only. R0–R4 are internal O1 robustness variants.
src/pages/page03_segmentation.py,1730,O1 output = a lower-dimensional latent matrix PC1…PCn for clustering. PC1/PC2 are only used to visualize the final partition.
src/pages/page03_segmentation.py,1735,#### O2 — Correlation-based feature selection
src/pages/page03_segmentation.py,1737,"O2 measures feature-to-feature Pearson correlation on DEV only. It does NOT correlate X with annual_salary_usd. When |r| reaches the configured threshold, a redundant encoded feature is removed. The retained encoded features are used directly for clustering."
src/pages/page03_segmentation.py,1748,correlation_threshold
src/pages/page03_segmentation.py,1751,o2_encoded_features_before
src/pages/page03_segmentation.py,1751,—
src/pages/page03_segmentation.py,1752,o2_selected_encoded_features
src/pages/page03_segmentation.py,1752,—
src/pages/page03_segmentation.py,1755,Correlation threshold
src/pages/page03_segmentation.py,1756,Encoded features before
src/pages/page03_segmentation.py,1757,Selected encoded features
src/pages/page03_segmentation.py,1853,"O2 output = selected original/encoded X dimensions. A separate 2D PCA may still be used later for visualization, but PCA does not define O2 clustering."
src/pages/page03_segmentation.py,1874,feature_space_candidate_metrics.csv
src/pages/page03_segmentation.py,1884,Feature-space option to inspect
src/pages/page03_segmentation.py,1891,internal_representation
src/pages/page03_segmentation.py,2009,p3_a5_option_candidates
src/pages/page03_segmentation.py,2039,feature_space_candidate_metrics.csv
src/pages/page03_segmentation.py,2045,Option for detailed robustness review
src/pages/page03_segmentation.py,2157,O1 internal robustness — compare R0/R1/R2/R3/R4
src/pages/page03_segmentation.py,2203,selected_feature_space_option
src/pages/page03_segmentation.py,2209,selected_representation
src/pages/page03_segmentation.py,2215,selected_algorithm
src/pages/page03_segmentation.py,2221,k
src/pages/page03_segmentation.py,2221,—
src/pages/page03_segmentation.py,2253,O2_CORRELATION
src/pages/page03_segmentation.py,2266,Optimizer seed stability
src/pages/page03_segmentation.py,2267,stability_ari
src/pages/page03_segmentation.py,2269,≥
src/pages/page03_segmentation.py,2272,Subsample stability
src/pages/page03_segmentation.py,2273,resample_stability_ari_mean
src/pages/page03_segmentation.py,2275,≥
src/pages/page03_segmentation.py,2278,Minimum cluster share
src/pages/page03_segmentation.py,2279,min_cluster_share
src/pages/page03_segmentation.py,2281,≥
src/pages/page03_segmentation.py,2284,Feature-space practical tie
src/pages/page03_segmentation.py,2285,silhouette gap
src/pages/page03_segmentation.py,2287,≤
src/pages/page03_segmentation.py,2289,Within-option K tie
src/pages/page03_segmentation.py,2289,silhouette gap
src/pages/page03_segmentation.py,2289,≤
src/pages/page03_segmentation.py,2296,stretch
src/pages/page03_segmentation.py,2323,Official Feature-space Selection Summary
src/pages/page03_segmentation.py,2324,p3_a7_option_selection
src/pages/page03_segmentation.py,2329,runner_up
src/pages/page03_segmentation.py,2346,#### Selected feature-space option vs runner-up
src/pages/page03_segmentation.py,2358,eligible
src/pages/page03_segmentation.py,2381,Official Feature Space — Eligible K Candidates
src/pages/page03_segmentation.py,2382,p3_a7_eligible
src/pages/page03_segmentation.py,2476,Cluster Labels & Map
src/pages/page03_segmentation.py,2477,Cluster Profiles
src/pages/page03_segmentation.py,2478,Feature-family EDA
src/pages/page03_segmentation.py,2479,Market Geography
src/pages/page03_segmentation.py,2480,Evidence Tables
src/pages/page03_segmentation.py,2509,Filtered Official Row-level Assignments
src/pages/page03_segmentation.py,2510,p3_a8_assignments
src/pages/page03_segmentation.py,2538,annual_salary_usd
src/pages/page03_segmentation.py,2549,profiles
src/pages/page03_segmentation.py,2549,Cluster profile interpretation
src/pages/page03_segmentation.py,2554,Job Domain
src/pages/page03_segmentation.py,2787,geography
src/pages/page03_segmentation.py,2787,Geography interpretation
src/pages/page03_segmentation.py,2790,Raw persisted evidence for auditability and reproducibility.
src/pages/page03_segmentation.py,106,/
src/pages/page03_segmentation.py,106,.csv
src/pages/page03_segmentation.py,154,.
src/pages/page03_segmentation.py,154,f
src/pages/page03_segmentation.py,177,representation_label
src/pages/page03_segmentation.py,184,k
src/pages/page03_segmentation.py,193,raw_input_count
src/pages/page03_segmentation.py,198,latent_dimensions
src/pages/page03_segmentation.py,223,k
src/pages/page03_segmentation.py,224,silhouette
src/pages/page03_segmentation.py,225,algorithm
src/pages/page03_segmentation.py,227,silhouette
src/pages/page03_segmentation.py,230,%{text:.3f}
src/pages/page03_segmentation.py,230,top center
src/pages/page03_segmentation.py,231,p3_
src/pages/page03_segmentation.py,231,_sil
src/pages/page03_segmentation.py,235,resample_stability_ari_mean
src/pages/page03_segmentation.py,240,k
src/pages/page03_segmentation.py,242,algorithm
src/pages/page03_segmentation.py,248,resample_stability_threshold
src/pages/page03_segmentation.py,250,stability_threshold
src/pages/page03_segmentation.py,254,%{text:.3f}
src/pages/page03_segmentation.py,254,top center
src/pages/page03_segmentation.py,255,p3_
src/pages/page03_segmentation.py,255,_stab
src/pages/page03_segmentation.py,269,minimum_cluster_share_threshold
src/pages/page03_segmentation.py,350,Individual variance
src/pages/page03_segmentation.py,361,Component
src/pages/page03_segmentation.py,362,Variance (%)
src/pages/page03_segmentation.py,364,p3_
src/pages/page03_segmentation.py,364,_pca
src/pages/page03_segmentation.py,379,absolute_loading
src/pages/page03_segmentation.py,388, — top absolute loadings
src/pages/page03_segmentation.py,398, — persisted candidate assignments
src/pages/page03_segmentation.py,400, candidate assignments
src/pages/page03_segmentation.py,400,p3_
src/pages/page03_segmentation.py,400,_assignments
src/pages/page03_segmentation.py,412,representation_label
src/pages/page03_segmentation.py,420,raw_input_count
src/pages/page03_segmentation.py,425,latent_dimensions
src/pages/page03_segmentation.py,456,component
src/pages/page03_segmentation.py,463,Individual variance
src/pages/page03_segmentation.py,474,Component
src/pages/page03_segmentation.py,475,Variance (%)
src/pages/page03_segmentation.py,477,p3_design_
src/pages/page03_segmentation.py,477,_pca
src/pages/page03_segmentation.py,489,absolute_loading
src/pages/page03_segmentation.py,498, — top encoded contributors
src/pages/page03_segmentation.py,539,coerce
src/pages/page03_segmentation.py,574,option_id
src/pages/page03_segmentation.py,575,metric
src/pages/page03_segmentation.py,576,value
src/pages/page03_segmentation.py,584,metric
src/pages/page03_segmentation.py,587,option_id
src/pages/page03_segmentation.py,588,value
src/pages/page03_segmentation.py,589,metric
src/pages/page03_segmentation.py,590,group
src/pages/page03_segmentation.py,591,value
src/pages/page03_segmentation.py,592,O1 vs O2 — common clustering evidence
src/pages/page03_segmentation.py,599,%{text:.3f}
src/pages/page03_segmentation.py,599,outside
src/pages/page03_segmentation.py,604,silhouette
src/pages/page03_segmentation.py,604,resample_stability_ari_mean
src/pages/page03_segmentation.py,607,resample_stability_ari_mean
src/pages/page03_segmentation.py,608,silhouette
src/pages/page03_segmentation.py,610,option_id
src/pages/page03_segmentation.py,611,option_id
src/pages/page03_segmentation.py,622,Decision view — separation vs robustness
src/pages/page03_segmentation.py,628,resample_stability_threshold
src/pages/page03_segmentation.py,642,top center
src/pages/page03_segmentation.py,647,clustering_dimensions
src/pages/page03_segmentation.py,647,silhouette
src/pages/page03_segmentation.py,650,clustering_dimensions
src/pages/page03_segmentation.py,651,silhouette
src/pages/page03_segmentation.py,653,option_id
src/pages/page03_segmentation.py,658,Parsimony view — dimensions vs separation
src/pages/page03_segmentation.py,664,top center
src/pages/page03_segmentation.py,673,option_a
src/pages/page03_segmentation.py,673,option_b
src/pages/page03_segmentation.py,673,ari
src/pages/page03_segmentation.py,676,.3f
src/pages/page03_segmentation.py,679,auto
src/pages/page03_segmentation.py,680,O1 vs O2 — assignment agreement (ARI)
src/pages/page03_segmentation.py,842,coerce
src/pages/page03_segmentation.py,847,representation_id
src/pages/page03_segmentation.py,854,k
src/pages/page03_segmentation.py,854,coerce
src/pages/page03_segmentation.py,876,k
src/pages/page03_segmentation.py,877,silhouette
src/pages/page03_segmentation.py,878,representation_id
src/pages/page03_segmentation.py,879,algorithm
src/pages/page03_segmentation.py,890,All R — silhouette across algorithm × K
src/pages/page03_segmentation.py,892,Representation / algorithm
src/pages/page03_segmentation.py,902,stability_ari
src/pages/page03_segmentation.py,903,stability_ari
src/pages/page03_segmentation.py,908,k
src/pages/page03_segmentation.py,910,representation_id
src/pages/page03_segmentation.py,911,algorithm
src/pages/page03_segmentation.py,922,resample_stability_ari_mean
src/pages/page03_segmentation.py,931,Representation / algorithm
src/pages/page03_segmentation.py,975,representation_id
src/pages/page03_segmentation.py,976,value
src/pages/page03_segmentation.py,977,metric
src/pages/page03_segmentation.py,975,Representation
src/pages/page03_segmentation.py,976,Metric value
src/pages/page03_segmentation.py,977,Evidence
src/pages/page03_segmentation.py,991,silhouette
src/pages/page03_segmentation.py,991,resample_stability_ari_mean
src/pages/page03_segmentation.py,994,resample_stability_ari_mean
src/pages/page03_segmentation.py,995,silhouette
src/pages/page03_segmentation.py,997,representation_id
src/pages/page03_segmentation.py,998,representation_id
src/pages/page03_segmentation.py,1011,Separation vs subsample robustness
src/pages/page03_segmentation.py,1018,resample_stability_threshold
src/pages/page03_segmentation.py,1028,silhouette_tolerance
src/pages/page03_segmentation.py,1038,top center
src/pages/page03_segmentation.py,1044,latent_dimensions
src/pages/page03_segmentation.py,1044,silhouette
src/pages/page03_segmentation.py,1047,latent_dimensions
src/pages/page03_segmentation.py,1048,silhouette
src/pages/page03_segmentation.py,1050,_selected
src/pages/page03_segmentation.py,1051,representation_id
src/pages/page03_segmentation.py,1062,Parsimony vs separation
src/pages/page03_segmentation.py,1069,top center
src/pages/page03_segmentation.py,1102,selected_within_representation
src/pages/page03_segmentation.py,1137,algorithm
src/pages/page03_segmentation.py,1145,gmm_converged
src/pages/page03_segmentation.py,1223,representation_a
src/pages/page03_segmentation.py,1223,representation_b
src/pages/page03_segmentation.py,1223,ari
src/pages/page03_segmentation.py,1261,silhouette
src/pages/page03_segmentation.py,1267,resample_stability_ari_mean
src/pages/page03_segmentation.py,1273,mean_cross_representation_ari
src/pages/page03_segmentation.py,1279,latent_dimensions
src/pages/page03_segmentation.py,1287,representation_id
src/pages/page03_segmentation.py,1287,Near-best separation
src/pages/page03_segmentation.py,1317,near_best_separation
src/pages/page03_segmentation.py,1370,algorithm
src/pages/page03_segmentation.py,1370,—
src/pages/page03_segmentation.py,1370,k
src/pages/page03_segmentation.py,1370,—
src/pages/page03_segmentation.py,1379,—
src/pages/page03_segmentation.py,1442,encoded_dimensions
src/pages/page03_segmentation.py,1442,—
src/pages/page03_segmentation.py,1443,feature_space_option_id
src/pages/page03_segmentation.py,1443,—
src/pages/page03_segmentation.py,1444,representation_id
src/pages/page03_segmentation.py,1444,—
src/pages/page03_segmentation.py,1445, · K=
src/pages/page03_segmentation.py,1516,R0_GLOBAL_PCA
src/pages/page03_segmentation.py,1518,selected_input_features
src/pages/page03_segmentation.py,1537,stretch
src/pages/page03_segmentation.py,1542,Official representation excludes: 
src/pages/page03_segmentation.py,1556,family_dimensions
src/pages/page03_segmentation.py,1558,family
src/pages/page03_segmentation.py,1558,left
src/pages/page03_segmentation.py,1563,encoded_dimensions
src/pages/page03_segmentation.py,1564,family
src/pages/page03_segmentation.py,1565,encoded_dimensions
src/pages/page03_segmentation.py,1566,h
src/pages/page03_segmentation.py,1567,encoded_dimensions
src/pages/page03_segmentation.py,1569,Encoded dimensions by feature family
src/pages/page03_segmentation.py,1571,outside
src/pages/page03_segmentation.py,1587,family_dimensions
src/pages/page03_segmentation.py,1588,family_balance_diagnostics
src/pages/page03_segmentation.py,1596,balance_weight
src/pages/page03_segmentation.py,1609,mean_row_l2_before
src/pages/page03_segmentation.py,1618,mean_row_l2_after
src/pages/page03_segmentation.py,1630,p3_a3_l2
src/pages/page03_segmentation.py,1646,p3_a3_frobenius
src/pages/page03_segmentation.py,1685,representation_summary.csv
src/pages/page03_segmentation.py,1687,representation_id
src/pages/page03_segmentation.py,1706,O1 PCA Representation Design — R0 to R4
src/pages/page03_segmentation.py,1707,p3_a4_o1_rep_design
src/pages/page03_segmentation.py,1749,correlation_threshold
src/pages/page03_segmentation.py,1759,Reduction
src/pages/page03_segmentation.py,1761,Reduction
src/pages/page03_segmentation.py,1761,—
src/pages/page03_segmentation.py,1766,encoded_features_before
src/pages/page03_segmentation.py,1773,selected_encoded_features
src/pages/page03_segmentation.py,1786,p3_a4_o2_family_retention
src/pages/page03_segmentation.py,1788,abs_r
src/pages/page03_segmentation.py,1790,pair
src/pages/page03_segmentation.py,1817,p3_a4_o2_top_corr_pairs
src/pages/page03_segmentation.py,1832,p3_a4_o2_decisions
src/pages/page03_segmentation.py,1838,O2 Selected Encoded Features
src/pages/page03_segmentation.py,1839,p3_a4_o2_selected_features
src/pages/page03_segmentation.py,1847,O2 High-correlation Pair Evidence
src/pages/page03_segmentation.py,1848,p3_a4_o2_corr_pairs
src/pages/page03_segmentation.py,1878,option_id
src/pages/page03_segmentation.py,1881,feature_space_option_id
src/pages/page03_segmentation.py,1881,O1_PCA
src/pages/page03_segmentation.py,1887,p3_a5_option
src/pages/page03_segmentation.py,1899,silhouette
src/pages/page03_segmentation.py,1990,option_id
src/pages/page03_segmentation.py,1991,internal_representation
src/pages/page03_segmentation.py,1992,algorithm
src/pages/page03_segmentation.py,1993,k
src/pages/page03_segmentation.py,1994,silhouette
src/pages/page03_segmentation.py,1995,calinski_harabasz
src/pages/page03_segmentation.py,1996,davies_bouldin
src/pages/page03_segmentation.py,1997,inertia
src/pages/page03_segmentation.py,1998,gmm_bic
src/pages/page03_segmentation.py,1999,gmm_aic
src/pages/page03_segmentation.py,2000,gmm_converged
src/pages/page03_segmentation.py,2001,convergence_warning
src/pages/page03_segmentation.py,2002,convergence_pass
src/pages/page03_segmentation.py,2008, — Candidate Search Evidence
src/pages/page03_segmentation.py,2024,p3_a5_o1_o2_silhouette_landscape
src/pages/page03_segmentation.py,2042,feature_space_option_id
src/pages/page03_segmentation.py,2048,p3_a6_option
src/pages/page03_segmentation.py,2054,stability_ari
src/pages/page03_segmentation.py,2077,resample_stability_ari_mean
src/pages/page03_segmentation.py,2101,min_cluster_share
src/pages/page03_segmentation.py,2179,O1 Dominant-feature Dependency Summary
src/pages/page03_segmentation.py,2180,p3_a6_o1_dependency
src/pages/page03_segmentation.py,2204,feature_space_option_id
src/pages/page03_segmentation.py,2204,—
src/pages/page03_segmentation.py,2210,representation_id
src/pages/page03_segmentation.py,2210,—
src/pages/page03_segmentation.py,2216,algorithm
src/pages/page03_segmentation.py,2216,—
src/pages/page03_segmentation.py,2233,selected_silhouette
src/pages/page03_segmentation.py,2242,selected_resample_stability_ari_mean
src/pages/page03_segmentation.py,2250,O1 won the feature-space comparison. Its internal PCA representation is 
src/pages/page03_segmentation.py,2250,. The clustering model uses retained latent PCs; PC1/PC2 remain display-only.
src/pages/page03_segmentation.py,2255,O2 won the feature-space comparison. Clustering uses the correlation-selected family-balanced encoded features directly; PC1/PC2 are created only for visualization.
src/pages/page03_segmentation.py,2268,stability_threshold
src/pages/page03_segmentation.py,2274,resample_stability_threshold
src/pages/page03_segmentation.py,2280,minimum_cluster_share_threshold
src/pages/page03_segmentation.py,2286,representation_silhouette_tolerance
src/pages/page03_segmentation.py,2289,silhouette_tolerance
src/pages/page03_segmentation.py,2304,option_id
src/pages/page03_segmentation.py,2305,option_label
src/pages/page03_segmentation.py,2306,internal_representation
src/pages/page03_segmentation.py,2307,algorithm
src/pages/page03_segmentation.py,2308,k
src/pages/page03_segmentation.py,2309,silhouette
src/pages/page03_segmentation.py,2310,stability_ari
src/pages/page03_segmentation.py,2311,resample_stability_ari_mean
src/pages/page03_segmentation.py,2312,min_cluster_share
src/pages/page03_segmentation.py,2313,eligible
src/pages/page03_segmentation.py,2314,within_option_tolerance
src/pages/page03_segmentation.py,2315,clustering_dimensions
src/pages/page03_segmentation.py,2316,interpretability
src/pages/page03_segmentation.py,2317,selected_option
src/pages/page03_segmentation.py,2349,stretch
src/pages/page03_segmentation.py,2363,algorithm
src/pages/page03_segmentation.py,2364,k
src/pages/page03_segmentation.py,2365,silhouette
src/pages/page03_segmentation.py,2366,stability_ari
src/pages/page03_segmentation.py,2367,resample_stability_ari_mean
src/pages/page03_segmentation.py,2368,min_cluster_share
src/pages/page03_segmentation.py,2369,within_primary_tolerance
src/pages/page03_segmentation.py,2370,selected
src/pages/page03_segmentation.py,2371,gmm_converged
src/pages/page03_segmentation.py,2372,convergence_pass
src/pages/page03_segmentation.py,2378,silhouette
src/pages/page03_segmentation.py,2386,candidate_cluster_coordinates
src/pages/page03_segmentation.py,2387,candidate_cluster_balance
src/pages/page03_segmentation.py,2401,cluster_label
src/pages/page03_segmentation.py,2401,Cluster 
src/pages/page03_segmentation.py,2487,cluster_label
src/pages/page03_segmentation.py,2487,Cluster 
src/pages/page03_segmentation.py,2505,p3_a8_map
src/pages/page03_segmentation.py,2520,stretch
src/pages/page03_segmentation.py,2537,p3_a8_profile
src/pages/page03_segmentation.py,2547,p3_a8_salary
src/pages/page03_segmentation.py,2548,Salary is descriptive here; it was not an input to clustering.
src/pages/page03_segmentation.py,2552,#### Feature-family EDA — 
src/pages/page03_segmentation.py,2591,Skills
src/pages/page03_segmentation.py,2733,p3_a8_family_chart
src/pages/page03_segmentation.py,2735,No persisted evidence is available for this family/filter combination.
src/pages/page03_segmentation.py,2736, interpretation
src/pages/page03_segmentation.py,2745,cluster_label
src/pages/page03_segmentation.py,2745,Cluster 
src/pages/page03_segmentation.py,2759,p3_a8_geo_map
src/pages/page03_segmentation.py,2768,salary_mean_posthoc
src/pages/page03_segmentation.py,2768,records
src/pages/page03_segmentation.py,2786,p3_a8_city_scatter
src/pages/page03_segmentation.py,2793,feature_space_option_summary
src/pages/page03_segmentation.py,2794,Feature-space Option Summary — O1 vs O2
src/pages/page03_segmentation.py,2795,p3_a8_option_summary
src/pages/page03_segmentation.py,2799,feature_space_candidate_metrics
src/pages/page03_segmentation.py,2800,Feature-space Candidate Metrics — O1/O2 × algorithm × K
src/pages/page03_segmentation.py,2801,p3_a8_option_metrics
src/pages/page03_segmentation.py,2804,feature_space_pairwise_ari
src/pages/page03_segmentation.py,2804,O1 vs O2 Pairwise ARI
src/pages/page03_segmentation.py,2804,p3_a8_option_ari
src/pages/page03_segmentation.py,2806,correlation_feature_selection
src/pages/page03_segmentation.py,2807,O2 Correlation Feature Selection
src/pages/page03_segmentation.py,2808,p3_a8_o2_selection
src/pages/page03_segmentation.py,2811,correlation_redundancy_pairs
src/pages/page03_segmentation.py,2811,O2 Redundancy Pairs
src/pages/page03_segmentation.py,2811,p3_a8_o2_pairs
src/pages/page03_segmentation.py,2812,correlation_family_summary
src/pages/page03_segmentation.py,2812,O2 Retention by Family
src/pages/page03_segmentation.py,2812,p3_a8_o2_family
src/pages/page03_segmentation.py,2814,representation_summary
src/pages/page03_segmentation.py,2815,O1 Representation Summary — R0 to R4
src/pages/page03_segmentation.py,2816,p3_a8_ev_rep_summary
src/pages/page03_segmentation.py,2820,representation_candidate_metrics
src/pages/page03_segmentation.py,2821,Representation Candidate Metrics — all R × algorithm × K
src/pages/page03_segmentation.py,2822,p3_a8_ev_rep_metrics
src/pages/page03_segmentation.py,2826,representation_pairwise_ari
src/pages/page03_segmentation.py,2827,Representation Pairwise ARI
src/pages/page03_segmentation.py,2828,p3_a8_ev_rep_ari
src/pages/page03_segmentation.py,2832,representation_pca_variance
src/pages/page03_segmentation.py,2833,Representation PCA / Component Variance
src/pages/page03_segmentation.py,2834,p3_a8_ev_rep_pca
src/pages/page03_segmentation.py,2838,representation_top_loadings
src/pages/page03_segmentation.py,2839,Representation Top Loadings
src/pages/page03_segmentation.py,2840,p3_a8_ev_rep_loadings
src/pages/page03_segmentation.py,2844,representation_resample_stability_runs
src/pages/page03_segmentation.py,2845,Representation Resample Stability Runs
src/pages/page03_segmentation.py,2846,p3_a8_ev_rep_resample
src/pages/page03_segmentation.py,2850,feature_dependency_summary
src/pages/page03_segmentation.py,2851,Feature Dependency Summary
src/pages/page03_segmentation.py,2852,p3_a8_ev_dependency
src/pages/page03_segmentation.py,2855,cluster_evaluation
src/pages/page03_segmentation.py,2855,Official Cluster Candidate Evaluation
src/pages/page03_segmentation.py,2855,p3_a8_eval
src/pages/page03_segmentation.py,2857,resample_stability_runs
src/pages/page03_segmentation.py,2858,Official Subsample Stability Runs
src/pages/page03_segmentation.py,2859,p3_a8_resample_runs
src/pages/page03_segmentation.py,2862,pca_variance
src/pages/page03_segmentation.py,2862,Selected PCA Variance Contract
src/pages/page03_segmentation.py,2862,p3_a8_pca_variance
src/pages/page03_segmentation.py,2864,family_balance_diagnostics
src/pages/page03_segmentation.py,2865,Family Balance Diagnostics
src/pages/page03_segmentation.py,2866,p3_a8_family_balance
src/pages/page03_segmentation.py,2869,cluster_profiles
src/pages/page03_segmentation.py,2869,Official Cluster Profiles
src/pages/page03_segmentation.py,2869,p3_a8_profiles
src/pages/page03_segmentation.py,2871,candidate_cluster_balance
src/pages/page03_segmentation.py,2872,Candidate Cluster Balance
src/pages/page03_segmentation.py,2873,p3_a8_candidate_balance
src/pages/page03_segmentation.py,2877,candidate_cluster_coordinates
src/pages/page03_segmentation.py,2878,Candidate Cluster Coordinates
src/pages/page03_segmentation.py,2879,p3_a8_candidate_coords
src/pages/page03_segmentation.py,2882,cluster_skill_profile
src/pages/page03_segmentation.py,2882,Offline Skill Profile
src/pages/page03_segmentation.py,2882,p3_a8_skills
src/pages/page03_segmentation.py,153,.
src/pages/page03_segmentation.py,153,f
src/pages/page03_segmentation.py,184,k
src/pages/page03_segmentation.py,193,raw_input_count
src/pages/page03_segmentation.py,197,latent_dimensions
src/pages/page03_segmentation.py,222,algorithm
src/pages/page03_segmentation.py,222,k
src/pages/page03_segmentation.py,228, — silhouette by K
src/pages/page03_segmentation.py,239,algorithm
src/pages/page03_segmentation.py,239,k
src/pages/page03_segmentation.py,245, — 
src/pages/page03_segmentation.py,245, stability
src/pages/page03_segmentation.py,249,resample
src/pages/page03_segmentation.py,253,dash
src/pages/page03_segmentation.py,253,gate
src/pages/page03_segmentation.py,262,k
src/pages/page03_segmentation.py,263,min_cluster_share
src/pages/page03_segmentation.py,264,algorithm
src/pages/page03_segmentation.py,266,min_cluster_share
src/pages/page03_segmentation.py,272,.0%
src/pages/page03_segmentation.py,273,%{text:.1%}
src/pages/page03_segmentation.py,273,top center
src/pages/page03_segmentation.py,274,p3_
src/pages/page03_segmentation.py,274,_balance
src/pages/page03_segmentation.py,287,k
src/pages/page03_segmentation.py,289,algorithm
src/pages/page03_segmentation.py,294,%{text:.3f}
src/pages/page03_segmentation.py,294,top center
src/pages/page03_segmentation.py,295,p3_
src/pages/page03_segmentation.py,295,_support
src/pages/page03_segmentation.py,339,p3_
src/pages/page03_segmentation.py,339,_family_pca
src/pages/page03_segmentation.py,356,lines+markers
src/pages/page03_segmentation.py,357,Cumulative variance
src/pages/page03_segmentation.py,360, — PCA explained variance
src/pages/page03_segmentation.py,377,p3_
src/pages/page03_segmentation.py,377,_loading_component
src/pages/page03_segmentation.py,387,signed_loading
src/pages/page03_segmentation.py,387,family
src/pages/page03_segmentation.py,387,explained_variance_ratio
src/pages/page03_segmentation.py,420,raw_input_count
src/pages/page03_segmentation.py,424,latent_dimensions
src/pages/page03_segmentation.py,449,p3_design_
src/pages/page03_segmentation.py,449,_family
src/pages/page03_segmentation.py,469,lines+markers
src/pages/page03_segmentation.py,470,Cumulative variance
src/pages/page03_segmentation.py,473, — explained variance
src/pages/page03_segmentation.py,486,p3_design_
src/pages/page03_segmentation.py,486,_component
src/pages/page03_segmentation.py,497,signed_loading
src/pages/page03_segmentation.py,497,family
src/pages/page03_segmentation.py,497,explained_variance_ratio
src/pages/page03_segmentation.py,594,option_id
src/pages/page03_segmentation.py,595,value
src/pages/page03_segmentation.py,596,metric
src/pages/page03_segmentation.py,594,Feature-space option
src/pages/page03_segmentation.py,595,Metric
src/pages/page03_segmentation.py,596,Evidence
src/pages/page03_segmentation.py,609,min_cluster_share
src/pages/page03_segmentation.py,624,resample_stability_ari_mean
src/pages/page03_segmentation.py,625,silhouette
src/pages/page03_segmentation.py,624,Subsample stability ARI
src/pages/page03_segmentation.py,625,Silhouette
src/pages/page03_segmentation.py,631,dash
src/pages/page03_segmentation.py,632,stability gate
src/pages/page03_segmentation.py,634,silhouette
src/pages/page03_segmentation.py,639,dot
src/pages/page03_segmentation.py,640,near-best floor
src/pages/page03_segmentation.py,652,selected_option
src/pages/page03_segmentation.py,652,option_id
src/pages/page03_segmentation.py,660,clustering_dimensions
src/pages/page03_segmentation.py,661,silhouette
src/pages/page03_segmentation.py,660,Clustering dimensions (lower is simpler)
src/pages/page03_segmentation.py,661,Silhouette
src/pages/page03_segmentation.py,671,option_a
src/pages/page03_segmentation.py,671,option_b
src/pages/page03_segmentation.py,671,ari
src/pages/page03_segmentation.py,690,silhouette
src/pages/page03_segmentation.py,696,option_id
src/pages/page03_segmentation.py,746,%{text}
src/pages/page03_segmentation.py,852,representation_id
src/pages/page03_segmentation.py,862,coerce
src/pages/page03_segmentation.py,871,representation_id
src/pages/page03_segmentation.py,871,algorithm
src/pages/page03_segmentation.py,871,k
src/pages/page03_segmentation.py,871,silhouette
src/pages/page03_segmentation.py,875,representation_id
src/pages/page03_segmentation.py,875,algorithm
src/pages/page03_segmentation.py,875,k
src/pages/page03_segmentation.py,905,representation_id
src/pages/page03_segmentation.py,905,algorithm
src/pages/page03_segmentation.py,905,k
src/pages/page03_segmentation.py,907,representation_id
src/pages/page03_segmentation.py,907,algorithm
src/pages/page03_segmentation.py,907,k
src/pages/page03_segmentation.py,915,All R — subsample robustness across algorithm × K
src/pages/page03_segmentation.py,917,All R — seed stability across algorithm × K
src/pages/page03_segmentation.py,928,dash
src/pages/page03_segmentation.py,929,gate
src/pages/page03_segmentation.py,996,min_cluster_share
src/pages/page03_segmentation.py,1013,resample_stability_ari_mean
src/pages/page03_segmentation.py,1014,silhouette
src/pages/page03_segmentation.py,1013,Subsample stability ARI
src/pages/page03_segmentation.py,1014,Silhouette
src/pages/page03_segmentation.py,1021,dash
src/pages/page03_segmentation.py,1022,stability gate
src/pages/page03_segmentation.py,1034,dot
src/pages/page03_segmentation.py,1035,near-best floor
src/pages/page03_segmentation.py,1049,raw_input_count
src/pages/page03_segmentation.py,1064,latent_dimensions
src/pages/page03_segmentation.py,1065,silhouette
src/pages/page03_segmentation.py,1066,_selected
src/pages/page03_segmentation.py,1064,Latent dimensions (lower is simpler)
src/pages/page03_segmentation.py,1065,Silhouette
src/pages/page03_segmentation.py,1066,Official R
src/pages/page03_segmentation.py,1089,silhouette
src/pages/page03_segmentation.py,1089,coerce
src/pages/page03_segmentation.py,1108,algorithm
src/pages/page03_segmentation.py,1122,coerce
src/pages/page03_segmentation.py,1126,coerce
src/pages/page03_segmentation.py,1130,coerce
src/pages/page03_segmentation.py,1134,coerce
src/pages/page03_segmentation.py,1149,convergence_warning
src/pages/page03_segmentation.py,1201,%{text}
src/pages/page03_segmentation.py,1206,Representation=%{y}<br>Check=%{x}<br>Status=%{text}<extra></extra>
src/pages/page03_segmentation.py,1292,representation_id
src/pages/page03_segmentation.py,1322,representation_id
src/pages/page03_segmentation.py,1363,representation_id
src/pages/page03_segmentation.py,1371,silhouette
src/pages/page03_segmentation.py,1373,resample_stability_ari_mean
src/pages/page03_segmentation.py,1375,min_cluster_share
src/pages/page03_segmentation.py,1377,mean_cross_representation_ari
src/pages/page03_segmentation.py,1446,resample_stability_ari_mean
src/pages/page03_segmentation.py,1521,","
src/pages/page03_segmentation.py,1537,family
src/pages/page03_segmentation.py,1537,raw_fields
src/pages/page03_segmentation.py,1606,p3_a3_weights
src/pages/page03_segmentation.py,1628,group
src/pages/page03_segmentation.py,1628,Mean row L2 norm — before vs after balancing
src/pages/page03_segmentation.py,1632,frobenius_norm_before
src/pages/page03_segmentation.py,1632,frobenius_norm_after
src/pages/page03_segmentation.py,1634,family
src/pages/page03_segmentation.py,1634,state
src/pages/page03_segmentation.py,1634,frobenius_norm
src/pages/page03_segmentation.py,1638,family
src/pages/page03_segmentation.py,1639,frobenius_norm
src/pages/page03_segmentation.py,1640,state
src/pages/page03_segmentation.py,1641,group
src/pages/page03_segmentation.py,1642,frobenius_norm
src/pages/page03_segmentation.py,1643,Family block Frobenius norm — before vs after
src/pages/page03_segmentation.py,1645,%{text:.1f}
src/pages/page03_segmentation.py,1645,outside
src/pages/page03_segmentation.py,1681,representation_pca_variance
src/pages/page03_segmentation.py,1682,representation_top_loadings
src/pages/page03_segmentation.py,1688,representation_id
src/pages/page03_segmentation.py,1693,representation_id
src/pages/page03_segmentation.py,1694,representation_label
src/pages/page03_segmentation.py,1695,purpose
src/pages/page03_segmentation.py,1696,excluded_features
src/pages/page03_segmentation.py,1697,raw_input_count
src/pages/page03_segmentation.py,1698,latent_dimensions
src/pages/page03_segmentation.py,1699,variance_retained_summary
src/pages/page03_segmentation.py,1700,selected_input_features
src/pages/page03_segmentation.py,1713,representation_id
src/pages/page03_segmentation.py,1743,correlation_feature_selection
src/pages/page03_segmentation.py,1744,correlation_redundancy_pairs
src/pages/page03_segmentation.py,1745,correlation_family_summary
src/pages/page03_segmentation.py,1759,%
src/pages/page03_segmentation.py,1781,group
src/pages/page03_segmentation.py,1782,O2 feature retention by family
src/pages/page03_segmentation.py,1783,Feature family
src/pages/page03_segmentation.py,1784,Encoded features
src/pages/page03_segmentation.py,1792,  ↔  
src/pages/page03_segmentation.py,1796,abs_r
src/pages/page03_segmentation.py,1797,pair
src/pages/page03_segmentation.py,1798,abs_r
src/pages/page03_segmentation.py,1799,h
src/pages/page03_segmentation.py,1800,abs_r
src/pages/page03_segmentation.py,1811,Top redundant encoded-feature pairs by |Pearson r|
src/pages/page03_segmentation.py,1814,%{text:.3f}
src/pages/page03_segmentation.py,1815,outside
src/pages/page03_segmentation.py,1825,family
src/pages/page03_segmentation.py,1826,features
src/pages/page03_segmentation.py,1827,decision
src/pages/page03_segmentation.py,1828,stack
src/pages/page03_segmentation.py,1829,features
src/pages/page03_segmentation.py,1830,O2 KEEP / DROP decisions by feature family
src/pages/page03_segmentation.py,1834,selected
src/pages/page03_segmentation.py,1892,", "
src/pages/page03_segmentation.py,1895,Internal representation: 
src/pages/page03_segmentation.py,1913,p3_a5_option_silhouette
src/pages/page03_segmentation.py,1921,Supporting fit metric
src/pages/page03_segmentation.py,1938,p3_a5_option_support_chart
src/pages/page03_segmentation.py,1944,algorithm
src/pages/page03_segmentation.py,1947,inertia
src/pages/page03_segmentation.py,1960,p3_a5_option_inertia
src/pages/page03_segmentation.py,1965,algorithm
src/pages/page03_segmentation.py,1985,p3_a5_option_gmm
src/pages/page03_segmentation.py,2014,option_id
src/pages/page03_segmentation.py,2014,algorithm
src/pages/page03_segmentation.py,2014,k
src/pages/page03_segmentation.py,2014,silhouette
src/pages/page03_segmentation.py,2017,k
src/pages/page03_segmentation.py,2018,silhouette
src/pages/page03_segmentation.py,2019,option_id
src/pages/page03_segmentation.py,2020,algorithm
src/pages/page03_segmentation.py,2022,Direct O1 vs O2 silhouette landscape
src/pages/page03_segmentation.py,2074,p3_a6_option_seed
src/pages/page03_segmentation.py,2097,p3_a6_option_subsample
src/pages/page03_segmentation.py,2122,p3_a6_option_balance
src/pages/page03_segmentation.py,2129,algorithm
src/pages/page03_segmentation.py,2174,feature_dependency_summary
src/pages/page03_segmentation.py,2234,silhouette
src/pages/page03_segmentation.py,2243,resample_stability_ari_mean
src/pages/page03_segmentation.py,2294,Gate / rule
src/pages/page03_segmentation.py,2294,Metric
src/pages/page03_segmentation.py,2294,Threshold
src/pages/page03_segmentation.py,2294,Direction
src/pages/page03_segmentation.py,2335,selected_option
src/pages/page03_segmentation.py,2342,candidate
src/pages/page03_segmentation.py,2342,Selected option
src/pages/page03_segmentation.py,2343,candidate
src/pages/page03_segmentation.py,2343,Runner-up option
src/pages/page03_segmentation.py,2358,eligible
src/pages/page03_segmentation.py,2393,algorithm
src/pages/page03_segmentation.py,2393,k
src/pages/page03_segmentation.py,2426,p3_a7_selected_scatter
src/pages/page03_segmentation.py,2486,PC1
src/pages/page03_segmentation.py,2486,PC2
src/pages/page03_segmentation.py,2486,cluster
src/pages/page03_segmentation.py,2490,PC1
src/pages/page03_segmentation.py,2491,PC2
src/pages/page03_segmentation.py,2492,cluster_label
src/pages/page03_segmentation.py,2503,Official segmentation — 2D PCA display
src/pages/page03_segmentation.py,2523,years_mean
src/pages/page03_segmentation.py,2523,demand_mean
src/pages/page03_segmentation.py,2523,benefits_mean
src/pages/page03_segmentation.py,2523,skill_count_mean
src/pages/page03_segmentation.py,2536,group
src/pages/page03_segmentation.py,2536,Numeric cluster profile
src/pages/page03_segmentation.py,2542,annual_salary_usd
src/pages/page03_segmentation.py,2543,outliers
src/pages/page03_segmentation.py,2544,Observed salary distribution by segment — post-hoc only
src/pages/page03_segmentation.py,2609,Experience
src/pages/page03_segmentation.py,2739,country_cluster_profile
src/pages/page03_segmentation.py,2748,country
src/pages/page03_segmentation.py,2749,country names
src/pages/page03_segmentation.py,2750,records
src/pages/page03_segmentation.py,2751,cluster_label
src/pages/page03_segmentation.py,2752,country
src/pages/page03_segmentation.py,2756,natural earth
src/pages/page03_segmentation.py,2757,Country-level segment footprint
src/pages/page03_segmentation.py,2761,city_cluster_profile
src/pages/page03_segmentation.py,2768,salary_mean_posthoc
src/pages/page03_segmentation.py,2771,records
src/pages/page03_segmentation.py,2773,records
src/pages/page03_segmentation.py,2775,city
src/pages/page03_segmentation.py,2785,top center
src/pages/page03_segmentation.py,261,algorithm
src/pages/page03_segmentation.py,261,k
src/pages/page03_segmentation.py,267, — minimum cluster share
src/pages/page03_segmentation.py,271,dash
src/pages/page03_segmentation.py,271,balance gate
src/pages/page03_segmentation.py,279,calinski_harabasz
src/pages/page03_segmentation.py,279,davies_bouldin
src/pages/page03_segmentation.py,279,selection_score
src/pages/page03_segmentation.py,286,algorithm
src/pages/page03_segmentation.py,286,k
src/pages/page03_segmentation.py,292, — supporting diagnostic: 
src/pages/page03_segmentation.py,543,selected_option
src/pages/page03_segmentation.py,549,cross_option_ari
src/pages/page03_segmentation.py,609,min_cluster_share
src/pages/page03_segmentation.py,615,algorithm
src/pages/page03_segmentation.py,616,k
src/pages/page03_segmentation.py,617,clustering_dimensions
src/pages/page03_segmentation.py,618,interpretability
src/pages/page03_segmentation.py,619,internal_representation
src/pages/page03_segmentation.py,652,selected_option
src/pages/page03_segmentation.py,656,algorithm
src/pages/page03_segmentation.py,656,k
src/pages/page03_segmentation.py,656,resample_stability_ari_mean
src/pages/page03_segmentation.py,656,interpretability
src/pages/page03_segmentation.py,726,eligible
src/pages/page03_segmentation.py,744,option_id
src/pages/page03_segmentation.py,884,algorithm
src/pages/page03_segmentation.py,885,stability_ari
src/pages/page03_segmentation.py,886,resample_stability_ari_mean
src/pages/page03_segmentation.py,887,min_cluster_share
src/pages/page03_segmentation.py,913,silhouette
src/pages/page03_segmentation.py,913,min_cluster_share
src/pages/page03_segmentation.py,916,resample_stability_ari_mean
src/pages/page03_segmentation.py,953,representation_id
src/pages/page03_segmentation.py,965,metric
src/pages/page03_segmentation.py,996,min_cluster_share
src/pages/page03_segmentation.py,1002,algorithm
src/pages/page03_segmentation.py,1003,k
src/pages/page03_segmentation.py,1004,stability_ari
src/pages/page03_segmentation.py,1005,min_cluster_share
src/pages/page03_segmentation.py,1006,mean_cross_representation_ari
src/pages/page03_segmentation.py,1007,latent_dimensions
src/pages/page03_segmentation.py,1008,excluded_features
src/pages/page03_segmentation.py,1025,silhouette
src/pages/page03_segmentation.py,1025,coerce
src/pages/page03_segmentation.py,1049,raw_input_count
src/pages/page03_segmentation.py,1055,algorithm
src/pages/page03_segmentation.py,1056,k
src/pages/page03_segmentation.py,1057,resample_stability_ari_mean
src/pages/page03_segmentation.py,1058,mean_cross_representation_ari
src/pages/page03_segmentation.py,1059,excluded_features
src/pages/page03_segmentation.py,1103,selected_within_representation
src/pages/page03_segmentation.py,1107,algorithm
src/pages/page03_segmentation.py,1107,k
src/pages/page03_segmentation.py,1199,representation_id
src/pages/page03_segmentation.py,1301,representation_id
src/pages/page03_segmentation.py,1302,Convergence
src/pages/page03_segmentation.py,1303,Seed stability
src/pages/page03_segmentation.py,1304,Subsample stability
src/pages/page03_segmentation.py,1305,Cluster balance
src/pages/page03_segmentation.py,1307,representation_id
src/pages/page03_segmentation.py,1379,latent_dimensions
src/pages/page03_segmentation.py,1379,latent_dimensions
src/pages/page03_segmentation.py,1440,","
src/pages/page03_segmentation.py,1445,algorithm
src/pages/page03_segmentation.py,1445,—
src/pages/page03_segmentation.py,1445,k
src/pages/page03_segmentation.py,1445,—
src/pages/page03_segmentation.py,1524,target_used_for_clustering
src/pages/page03_segmentation.py,1542,", "
src/pages/page03_segmentation.py,1568,balance_weight
src/pages/page03_segmentation.py,1598,balance_weight
src/pages/page03_segmentation.py,1599,family
src/pages/page03_segmentation.py,1600,balance_weight
src/pages/page03_segmentation.py,1601,h
src/pages/page03_segmentation.py,1602,balance_weight
src/pages/page03_segmentation.py,1603,Applied family balance weight
src/pages/page03_segmentation.py,1605,%{text:.4f}
src/pages/page03_segmentation.py,1605,outside
src/pages/page03_segmentation.py,1611,Before balancing
src/pages/page03_segmentation.py,1614,h
src/pages/page03_segmentation.py,1616,%{text:.2f}
src/pages/page03_segmentation.py,1620,After balancing
src/pages/page03_segmentation.py,1623,h
src/pages/page03_segmentation.py,1625,%{text:.2f}
src/pages/page03_segmentation.py,1770,Before correlation filter
src/pages/page03_segmentation.py,1777,Selected for O2
src/pages/page03_segmentation.py,1821,features
src/pages/page03_segmentation.py,1902,k
src/pages/page03_segmentation.py,1903,silhouette
src/pages/page03_segmentation.py,1904,algorithm
src/pages/page03_segmentation.py,1906,silhouette
src/pages/page03_segmentation.py,1910,%{text:.3f}
src/pages/page03_segmentation.py,1911,top center
src/pages/page03_segmentation.py,1917,calinski_harabasz
src/pages/page03_segmentation.py,1917,davies_bouldin
src/pages/page03_segmentation.py,1923,p3_a5_option_support
src/pages/page03_segmentation.py,1927,k
src/pages/page03_segmentation.py,1929,algorithm
src/pages/page03_segmentation.py,1935,%{text:.3f}
src/pages/page03_segmentation.py,1936,top center
src/pages/page03_segmentation.py,1949,k
src/pages/page03_segmentation.py,1950,k
src/pages/page03_segmentation.py,1951,inertia
src/pages/page03_segmentation.py,1953,inertia
src/pages/page03_segmentation.py,1957,%{text:.1f}
src/pages/page03_segmentation.py,1958,top center
src/pages/page03_segmentation.py,1974,k
src/pages/page03_segmentation.py,1975,k
src/pages/page03_segmentation.py,1982,%{text:.0f}
src/pages/page03_segmentation.py,1983,top center
src/pages/page03_segmentation.py,2016,option_id
src/pages/page03_segmentation.py,2016,algorithm
src/pages/page03_segmentation.py,2016,k
src/pages/page03_segmentation.py,2057,k
src/pages/page03_segmentation.py,2058,stability_ari
src/pages/page03_segmentation.py,2059,algorithm
src/pages/page03_segmentation.py,2061,stability_ari
src/pages/page03_segmentation.py,2064,stability_threshold
src/pages/page03_segmentation.py,2071,%{text:.3f}
src/pages/page03_segmentation.py,2072,top center
src/pages/page03_segmentation.py,2080,k
src/pages/page03_segmentation.py,2081,resample_stability_ari_mean
src/pages/page03_segmentation.py,2082,algorithm
src/pages/page03_segmentation.py,2084,resample_stability_ari_mean
src/pages/page03_segmentation.py,2087,resample_stability_threshold
src/pages/page03_segmentation.py,2094,%{text:.3f}
src/pages/page03_segmentation.py,2095,top center
src/pages/page03_segmentation.py,2104,k
src/pages/page03_segmentation.py,2105,min_cluster_share
src/pages/page03_segmentation.py,2106,algorithm
src/pages/page03_segmentation.py,2108,min_cluster_share
src/pages/page03_segmentation.py,2111,minimum_cluster_share_threshold
src/pages/page03_segmentation.py,2117,.0%
src/pages/page03_segmentation.py,2119,%{text:.1%}
src/pages/page03_segmentation.py,2120,top center
src/pages/page03_segmentation.py,2132,convergence_status
src/pages/page03_segmentation.py,2144,p3_a6_option_convergence
src/pages/page03_segmentation.py,2150,feature_space_pairwise_ari
src/pages/page03_segmentation.py,2168,o1_selected_representation
src/pages/page03_segmentation.py,2391,k
src/pages/page03_segmentation.py,2400,PC1
src/pages/page03_segmentation.py,2400,PC2
src/pages/page03_segmentation.py,2400,cluster
src/pages/page03_segmentation.py,2407,PC1
src/pages/page03_segmentation.py,2408,PC2
src/pages/page03_segmentation.py,2409,cluster_label
src/pages/page03_segmentation.py,2449,p3_a7_selected_balance
src/pages/page03_segmentation.py,2534,%{text:.1f}
src/pages/page03_segmentation.py,2545,x
src/pages/page03_segmentation.py,2545,annual_salary_usd
src/pages/page03_segmentation.py,2545,Cluster
src/pages/page03_segmentation.py,2545,Annual salary (USD)
src/pages/page03_segmentation.py,2555,cluster_job_category_profile
src/pages/page03_segmentation.py,2568,Job-domain view
src/pages/page03_segmentation.py,2574,Focus job categories
src/pages/page03_segmentation.py,2596,Top skill rows
src/pages/page03_segmentation.py,2611,Experience chart
src/pages/page03_segmentation.py,2616,Years distribution
src/pages/page03_segmentation.py,2648,Company
src/pages/page03_segmentation.py,2767,records
src/pages/page03_segmentation.py,2776,country
src/pages/page03_segmentation.py,2777,City market view — posting volume vs post-hoc mean salary
src/pages/page03_segmentation.py,2779,City market view — posting volume
src/pages/page03_segmentation.py,2781,color
src/pages/page03_segmentation.py,2781,Cluster
src/pages/page03_segmentation.py,118,cluster
src/pages/page03_segmentation.py,120,job_category
src/pages/page03_segmentation.py,122,country
src/pages/page03_segmentation.py,245,subsample
src/pages/page03_segmentation.py,245,seed
src/pages/page03_segmentation.py,319,algorithm
src/pages/page03_segmentation.py,319,k
src/pages/page03_segmentation.py,335,family
src/pages/page03_segmentation.py,349,explained_variance_ratio
src/pages/page03_segmentation.py,349,coerce
src/pages/page03_segmentation.py,445,family
src/pages/page03_segmentation.py,462,explained_variance_ratio
src/pages/page03_segmentation.py,462,coerce
src/pages/page03_segmentation.py,542,option_id
src/pages/page03_segmentation.py,573,option_id
src/pages/page03_segmentation.py,584,metric
src/pages/page03_segmentation.py,630,resample_stability_threshold
src/pages/page03_segmentation.py,722,silhouette
src/pages/page03_segmentation.py,1020,resample_stability_threshold
src/pages/page03_segmentation.py,1109,coerce
src/pages/page03_segmentation.py,1121,stability_ari
src/pages/page03_segmentation.py,1125,resample_stability_ari_mean
src/pages/page03_segmentation.py,1129,min_cluster_share
src/pages/page03_segmentation.py,1133,silhouette
src/pages/page03_segmentation.py,1516,representation_id
src/pages/page03_segmentation.py,1612,family
src/pages/page03_segmentation.py,1613,mean_row_l2_before
src/pages/page03_segmentation.py,1615,mean_row_l2_before
src/pages/page03_segmentation.py,1621,family
src/pages/page03_segmentation.py,1622,mean_row_l2_after
src/pages/page03_segmentation.py,1624,mean_row_l2_after
src/pages/page03_segmentation.py,1633,family
src/pages/page03_segmentation.py,1633,frobenius_norm_before
src/pages/page03_segmentation.py,1633,frobenius_norm_after
src/pages/page03_segmentation.py,1759,.1f
src/pages/page03_segmentation.py,1768,family
src/pages/page03_segmentation.py,1769,encoded_features_before
src/pages/page03_segmentation.py,1771,encoded_features_before
src/pages/page03_segmentation.py,1775,family
src/pages/page03_segmentation.py,1776,selected_encoded_features
src/pages/page03_segmentation.py,1778,selected_encoded_features
src/pages/page03_segmentation.py,1793,feature_b
src/pages/page03_segmentation.py,1804,pearson_r
src/pages/page03_segmentation.py,1805,family_a
src/pages/page03_segmentation.py,1806,family_b
src/pages/page03_segmentation.py,1807,feature_a_selected
src/pages/page03_segmentation.py,1808,feature_b_selected
src/pages/page03_segmentation.py,1834,selected
src/pages/page03_segmentation.py,1901,algorithm
src/pages/page03_segmentation.py,1901,k
src/pages/page03_segmentation.py,1907, — silhouette by K
src/pages/page03_segmentation.py,1926,algorithm
src/pages/page03_segmentation.py,1926,k
src/pages/page03_segmentation.py,1932, — 
src/pages/page03_segmentation.py,1954, — KMeans inertia ↓
src/pages/page03_segmentation.py,1969,gmm_bic
src/pages/page03_segmentation.py,1969,gmm_aic
src/pages/page03_segmentation.py,1979, — 
src/pages/page03_segmentation.py,1979, ↓
src/pages/page03_segmentation.py,2056,algorithm
src/pages/page03_segmentation.py,2056,k
src/pages/page03_segmentation.py,2062, — Seed stability ARI ↑
src/pages/page03_segmentation.py,2067,dash
src/pages/page03_segmentation.py,2068,seed gate
src/pages/page03_segmentation.py,2079,algorithm
src/pages/page03_segmentation.py,2079,k
src/pages/page03_segmentation.py,2085, — Subsample stability ARI ↑
src/pages/page03_segmentation.py,2090,dash
src/pages/page03_segmentation.py,2091,subsample gate
src/pages/page03_segmentation.py,2103,algorithm
src/pages/page03_segmentation.py,2103,k
src/pages/page03_segmentation.py,2109, — Minimum cluster share
src/pages/page03_segmentation.py,2114,dash
src/pages/page03_segmentation.py,2115,balance gate
src/pages/page03_segmentation.py,2126,convergence_pass
src/pages/page03_segmentation.py,2126,gmm_converged
src/pages/page03_segmentation.py,2136,k
src/pages/page03_segmentation.py,2137,k
src/pages/page03_segmentation.py,2139,convergence_status
src/pages/page03_segmentation.py,2140,convergence_status
src/pages/page03_segmentation.py,2164,representation_pairwise_ari
src/pages/page03_segmentation.py,2169,o1_selected_representation
src/pages/page03_segmentation.py,2421,Official solution — 
src/pages/page03_segmentation.py,2421, / 
src/pages/page03_segmentation.py,2422, / 
src/pages/page03_segmentation.py,2422, K=
src/pages/page03_segmentation.py,2422, (PC1/PC2 display only)
src/pages/page03_segmentation.py,2440,cluster
src/pages/page03_segmentation.py,2441,records
src/pages/page03_segmentation.py,2442,share
src/pages/page03_segmentation.py,2443,Official cluster balance
src/pages/page03_segmentation.py,2446,%{text:.1%}
src/pages/page03_segmentation.py,2447,outside
src/pages/page03_segmentation.py,2496,job_title
src/pages/page03_segmentation.py,2497,job_category
src/pages/page03_segmentation.py,2498,country
src/pages/page03_segmentation.py,2499,years_of_experience
src/pages/page03_segmentation.py,2500,demand_score
src/pages/page03_segmentation.py,2563,records
src/pages/page03_segmentation.py,2563,salary_mean_posthoc
src/pages/page03_segmentation.py,2563,demand_mean
src/pages/page03_segmentation.py,2571,p3_a8_job_metric
src/pages/page03_segmentation.py,2576,p3_a8_job_focus
src/pages/page03_segmentation.py,2582,job_category
src/pages/page03_segmentation.py,2585,group
src/pages/page03_segmentation.py,2587,Job-domain profile by cluster
src/pages/page03_segmentation.py,2592,cluster_skill_profile
src/pages/page03_segmentation.py,2596,p3_a8_skill_topn
src/pages/page03_segmentation.py,2600,skill
src/pages/page03_segmentation.py,2601,records
src/pages/page03_segmentation.py,2603,group
src/pages/page03_segmentation.py,2604,records
src/pages/page03_segmentation.py,2605,Normalized skill frequency by cluster
src/pages/page03_segmentation.py,2612,Years distribution
src/pages/page03_segmentation.py,2612,Experience-level salary
src/pages/page03_segmentation.py,2614,p3_a8_exp_mode
src/pages/page03_segmentation.py,2681,Geography
src/pages/page03_segmentation.py,2754,salary_mean_posthoc
src/pages/page03_segmentation.py,2753,salary_mean_posthoc
src/pages/page03_segmentation.py,2753,records
src/pages/page03_segmentation.py,2753,":,.0f"
src/pages/page03_segmentation.py,2755,records
src/pages/page03_segmentation.py,2778,salary_mean_posthoc
src/pages/page03_segmentation.py,2782,Mean salary (USD)
src/pages/page03_segmentation.py,2782,Records
src/pages/page03_segmentation.py,216,representation_id
src/pages/page03_segmentation.py,245,resample
src/pages/page03_segmentation.py,330,representation_id
src/pages/page03_segmentation.py,336,family
src/pages/page03_segmentation.py,355,cumulative_variance
src/pages/page03_segmentation.py,355,coerce
src/pages/page03_segmentation.py,372,representation_id
src/pages/page03_segmentation.py,396,representation_id
src/pages/page03_segmentation.py,441,representation_id
src/pages/page03_segmentation.py,446,family
src/pages/page03_segmentation.py,468,cumulative_variance
src/pages/page03_segmentation.py,468,coerce
src/pages/page03_segmentation.py,481,representation_id
src/pages/page03_segmentation.py,550,cross_option_ari
src/pages/page03_segmentation.py,701,stability_ari
src/pages/page03_segmentation.py,709,resample_stability_ari_mean
src/pages/page03_segmentation.py,717,min_cluster_share
src/pages/page03_segmentation.py,724,silhouette
src/pages/page03_segmentation.py,1789,abs_r
src/pages/page03_segmentation.py,1791,feature_a
src/pages/page03_segmentation.py,1943,KMeans
src/pages/page03_segmentation.py,1964,GMM
src/pages/page03_segmentation.py,2130,GMM
src/pages/page03_segmentation.py,2133,Pass
src/pages/page03_segmentation.py,2133,Fail
src/pages/page03_segmentation.py,2141, — GMM convergence gate
src/pages/page03_segmentation.py,2336,selected_option
src/pages/page03_segmentation.py,2413,job_title
src/pages/page03_segmentation.py,2414,job_category
src/pages/page03_segmentation.py,2415,country
src/pages/page03_segmentation.py,2416,years_of_experience
src/pages/page03_segmentation.py,2417,demand_score
src/pages/page03_segmentation.py,2541,cluster
src/pages/page03_segmentation.py,2588,color
src/pages/page03_segmentation.py,2588,Cluster
src/pages/page03_segmentation.py,2597,records
src/pages/page03_segmentation.py,2606,color
src/pages/page03_segmentation.py,2606,Cluster
src/pages/page03_segmentation.py,2635,salary_mean_posthoc
src/pages/page03_segmentation.py,2650,feature
src/pages/page03_segmentation.py,2774,cluster
src/pages/page03_segmentation.py,2782,salary_mean_posthoc
src/pages/page03_segmentation.py,340,family
src/pages/page03_segmentation.py,376,component
src/pages/page03_segmentation.py,378,component
src/pages/page03_segmentation.py,450,family
src/pages/page03_segmentation.py,484,component
src/pages/page03_segmentation.py,488,component
src/pages/page03_segmentation.py,542,selected_option
src/pages/page03_segmentation.py,702,stability_ari
src/pages/page03_segmentation.py,710,resample_stability_ari_mean
src/pages/page03_segmentation.py,718,min_cluster_share
src/pages/page03_segmentation.py,1100,representation_id
src/pages/page03_segmentation.py,1109,k
src/pages/page03_segmentation.py,1456,cluster
src/pages/page03_segmentation.py,1712,representation_id
src/pages/page03_segmentation.py,1821,family
src/pages/page03_segmentation.py,1821,decision
src/pages/page03_segmentation.py,1889,option_id
src/pages/page03_segmentation.py,2050,option_id
src/pages/page03_segmentation.py,2066,stability_threshold
src/pages/page03_segmentation.py,2089,resample_stability_threshold
src/pages/page03_segmentation.py,2113,minimum_cluster_share_threshold
src/pages/page03_segmentation.py,2401,cluster
src/pages/page03_segmentation.py,2487,cluster
src/pages/page03_segmentation.py,2516,cluster
src/pages/page03_segmentation.py,2530,cluster
src/pages/page03_segmentation.py,2532,_
src/pages/page03_segmentation.py,2617,cluster_years_distribution
src/pages/page03_segmentation.py,2623,years_of_experience
src/pages/page03_segmentation.py,2624,records
src/pages/page03_segmentation.py,2626,group
src/pages/page03_segmentation.py,2627,records
src/pages/page03_segmentation.py,2628,Years-of-experience distribution
src/pages/page03_segmentation.py,2632,cluster_experience_level_profile
src/pages/page03_segmentation.py,2638,experience_level
src/pages/page03_segmentation.py,2639,salary_mean_posthoc
src/pages/page03_segmentation.py,2641,group
src/pages/page03_segmentation.py,2642,salary_mean_posthoc
src/pages/page03_segmentation.py,2643,Post-hoc salary by experience level and cluster
src/pages/page03_segmentation.py,2646,"$%{text:,.0f}"
src/pages/page03_segmentation.py,2649,cluster_company_profile
src/pages/page03_segmentation.py,2658,Company feature
src/pages/page03_segmentation.py,2664,Focus categories
src/pages/page03_segmentation.py,2683,geo_level
src/pages/page03_segmentation.py,2741,cluster
src/pages/page03_segmentation.py,2743,country
src/pages/page03_segmentation.py,2745,cluster
src/pages/page03_segmentation.py,2763,cluster
src/pages/page03_segmentation.py,2765,country
src/pages/page03_segmentation.py,338,family
src/pages/page03_segmentation.py,448,family
src/pages/page03_segmentation.py,1113,k
src/pages/page03_segmentation.py,1113,coerce
src/pages/page03_segmentation.py,1143,convergence_pass
src/pages/page03_segmentation.py,2133,true
src/pages/page03_segmentation.py,2133,1
src/pages/page03_segmentation.py,2133,yes
src/pages/page03_segmentation.py,2332,selected_option
src/pages/page03_segmentation.py,2395,algorithm
src/pages/page03_segmentation.py,2396,k
src/pages/page03_segmentation.py,2557,cluster
src/pages/page03_segmentation.py,2559,job_category
src/pages/page03_segmentation.py,2584,cluster
src/pages/page03_segmentation.py,2602,cluster
src/pages/page03_segmentation.py,2629,color
src/pages/page03_segmentation.py,2629,Cluster
src/pages/page03_segmentation.py,2644,color
src/pages/page03_segmentation.py,2644,Cluster
src/pages/page03_segmentation.py,2653,company_size
src/pages/page03_segmentation.py,2653,industry
src/pages/page03_segmentation.py,2653,remote_work
src/pages/page03_segmentation.py,2658,p3_a8_company_feature
src/pages/page03_segmentation.py,2666,p3_a8_company_focus
src/pages/page03_segmentation.py,2672,category
src/pages/page03_segmentation.py,2673,records
src/pages/page03_segmentation.py,2675,group
src/pages/page03_segmentation.py,2676,records
src/pages/page03_segmentation.py,2682,cluster_geography_profile
src/pages/page03_segmentation.py,2688,Geography level
src/pages/page03_segmentation.py,2705,cluster_market_signal_values
src/pages/page03_segmentation.py,2719,Market signal
src/pages/page03_segmentation.py,1112,algorithm
src/pages/page03_segmentation.py,1147,gmm_converged
src/pages/page03_segmentation.py,1943,algorithm
src/pages/page03_segmentation.py,1964,algorithm
src/pages/page03_segmentation.py,1979,gmm_
src/pages/page03_segmentation.py,2130,algorithm
src/pages/page03_segmentation.py,2532,_mean
src/pages/page03_segmentation.py,2594,cluster
src/pages/page03_segmentation.py,2677, profile
src/pages/page03_segmentation.py,2678,color
src/pages/page03_segmentation.py,2678,Cluster
src/pages/page03_segmentation.py,2685,country
src/pages/page03_segmentation.py,2685,city
src/pages/page03_segmentation.py,2688,p3_a8_geo_level
src/pages/page03_segmentation.py,2695,category
src/pages/page03_segmentation.py,2696,records
src/pages/page03_segmentation.py,2698,group
src/pages/page03_segmentation.py,2699,records
src/pages/page03_segmentation.py,2710,demand_score
src/pages/page03_segmentation.py,2711,demand_growth_yoy_pct
src/pages/page03_segmentation.py,2712,benefits_score_10
src/pages/page03_segmentation.py,2713,ai_salary_premium_pct
src/pages/page03_segmentation.py,2719,p3_a8_market_metric
src/pages/page03_segmentation.py,1893,internal_representation
src/pages/page03_segmentation.py,2041,option_id
src/pages/page03_segmentation.py,2575,job_category
src/pages/page03_segmentation.py,2579,job_category
src/pages/page03_segmentation.py,2625,cluster
src/pages/page03_segmentation.py,2640,cluster
src/pages/page03_segmentation.py,2692,records
src/pages/page03_segmentation.py,2700, profile by cluster
src/pages/page03_segmentation.py,2701,color
src/pages/page03_segmentation.py,2701,Cluster
src/pages/page03_segmentation.py,2727,outliers
src/pages/page03_segmentation.py,1151,convergence_warning
src/pages/page03_segmentation.py,1720,representation_id
src/pages/page03_segmentation.py,1877,option_id
src/pages/page03_segmentation.py,2431,algorithm
src/pages/page03_segmentation.py,2432,k
src/pages/page03_segmentation.py,2619,cluster
src/pages/page03_segmentation.py,2634,cluster
src/pages/page03_segmentation.py,2660,feature
src/pages/page03_segmentation.py,2674,cluster
src/pages/page03_segmentation.py,2677,_
src/pages/page03_segmentation.py,2728, by cluster
src/pages/page03_segmentation.py,2729,x
src/pages/page03_segmentation.py,2729,Cluster
src/pages/page03_segmentation.py,2689,geo_level
src/pages/page03_segmentation.py,2697,cluster
src/pages/page03_segmentation.py,2654,feature
src/pages/page03_segmentation.py,2662,cluster
src/pages/page03_segmentation.py,2665,category
src/pages/page03_segmentation.py,2669,category
src/pages/page03_segmentation.py,2725,cluster
src/pages/page03_segmentation.py,2728,_
src/pages/page03_segmentation.py,2685,geo_level
src/pages/page03_segmentation.py,2691,cluster
src/pages/page04_model_comparison.py,71,admin
src/pages/page04_model_comparison.py,73,4. Model comparison and temporal validation
src/pages/page04_model_comparison.py,74,Frozen candidates · identical chronological DEV folds · lower MAE is better
src/pages/page04_model_comparison.py,118,fold_membership
src/pages/page04_model_comparison.py,43,content
src/pages/page04_model_comparison.py,47,stretch
src/pages/page04_model_comparison.py,52,available
src/pages/page04_model_comparison.py,56,Historical primary-pipeline audit · pipeline `
src/pages/page04_model_comparison.py,57,` · audit `
src/pages/page04_model_comparison.py,57,`. This trace is separate from the active supplemental metrics.
src/pages/page04_model_comparison.py,60,downloads
src/pages/page04_model_comparison.py,77,candidate_summary
src/pages/page04_model_comparison.py,78,candidate_fold_metrics
src/pages/page04_model_comparison.py,93,Dummy Median
src/pages/page04_model_comparison.py,98,"Which frozen candidate performs best on chronological DEV validation, and how stable is that result?"
src/pages/page04_model_comparison.py,114,Supplemental evidence `
src/pages/page04_model_comparison.py,114,`. Candidate CV rank does not replace the saved selected model.
src/pages/page04_model_comparison.py,116,MAE
src/pages/page04_model_comparison.py,116,RMSE
src/pages/page04_model_comparison.py,116,MedAE
src/pages/page04_model_comparison.py,116,R²
src/pages/page04_model_comparison.py,116,CV
src/pages/page04_model_comparison.py,128,Priority guide: How temporal validation works
src/pages/page04_model_comparison.py,157,**Current supplemental evidence downloads**
src/pages/page04_model_comparison.py,162,Download fold metrics
src/pages/page04_model_comparison.py,163,candidate_fold_metrics
src/pages/page04_model_comparison.py,175,**Optional historical primary-pipeline audit**
src/pages/page04_model_comparison.py,179,Overall comparison
src/pages/page04_model_comparison.py,179,Random Forest
src/pages/page04_model_comparison.py,179,Gradient Boosting
src/pages/page04_model_comparison.py,179,Baseline controls
src/pages/page04_model_comparison.py,183,"**Question:** Which candidate has the lowest temporal-validation error, and how does it compare with training error and the Dummy reference?"
src/pages/page04_model_comparison.py,185,p4_train_validation
src/pages/page04_model_comparison.py,192,rank
src/pages/page04_model_comparison.py,193,role
src/pages/page04_model_comparison.py,201,MAE_gap_usd
src/pages/page04_model_comparison.py,202,status
src/pages/page04_model_comparison.py,204,rank
src/pages/page04_model_comparison.py,205,model
src/pages/page04_model_comparison.py,206,role
src/pages/page04_model_comparison.py,207,validation_MAE_mean
src/pages/page04_model_comparison.py,208,train_MAE_mean
src/pages/page04_model_comparison.py,209,MAE_gap_usd
src/pages/page04_model_comparison.py,210,validation_R2_mean
src/pages/page04_model_comparison.py,211,train_R2_mean
src/pages/page04_model_comparison.py,212,validation_RMSE_mean
src/pages/page04_model_comparison.py,213,validation_MedAE_mean
src/pages/page04_model_comparison.py,214,fit_time_mean_s
src/pages/page04_model_comparison.py,215,status
src/pages/page04_model_comparison.py,281,"**Question:** How does Random Forest error change across the recorded temporal folds, and which period is weakest?"
src/pages/page04_model_comparison.py,283,Random Forest
src/pages/page04_model_comparison.py,345,**Question:** Does Gradient Boosting match Random Forest across the same validation folds?
src/pages/page04_model_comparison.py,347,Gradient Boosting
src/pages/page04_model_comparison.py,347,Random Forest
src/pages/page04_model_comparison.py,419,"**Question:** Which candidates clear the Dummy reference, and what do the linear controls show without assuming a root cause?"
src/pages/page04_model_comparison.py,426,validation_MAE_mean
src/pages/page04_model_comparison.py,466,p4_baselines
src/pages/page04_model_comparison.py,490,"A large train–validation gap is descriptive evidence. It does not by itself prove matrix singularity, memorization, or a universal overfit diagnosis."
src/pages/page04_model_comparison.py,493,page04
src/pages/page04_model_comparison.py,44,filename
src/pages/page04_model_comparison.py,45,mime
src/pages/page04_model_comparison.py,53,Historical primary-pipeline audit unavailable: 
src/pages/page04_model_comparison.py,62,Download 
src/pages/page04_model_comparison.py,63,content
src/pages/page04_model_comparison.py,67,stretch
src/pages/page04_model_comparison.py,91,validation_MAE_mean
src/pages/page04_model_comparison.py,99, candidates across 
src/pages/page04_model_comparison.py,99, temporal folds · 
src/pages/page04_model_comparison.py,100,finding
src/pages/page04_model_comparison.py,101,limit
src/pages/page04_model_comparison.py,106,Candidates
src/pages/page04_model_comparison.py,107,Temporal folds
src/pages/page04_model_comparison.py,108,Lowest CV MAE
src/pages/page04_model_comparison.py,109,Best mean CV MAE
src/pages/page04_model_comparison.py,110,Dummy reference
src/pages/page04_model_comparison.py,132,**What is trained?**
src/pages/page04_model_comparison.py,138,**How are folds constructed?**
src/pages/page04_model_comparison.py,145,**Why use temporal validation?**
src/pages/page04_model_comparison.py,147,"Training on an earlier row block and evaluating on the next block better represents out-of-time salary prediction than randomly mixing records. Candidates are ranked by mean validation MAE—lower is better—while RMSE, MedAE and R² provide supporting views."
src/pages/page04_model_comparison.py,151,**Limits of this design**
src/pages/page04_model_comparison.py,154,Shared calendar months across adjacent blocks do not imply shared records. This design does not establish future-market stability or causal salary relationships.
src/pages/page04_model_comparison.py,164,p4_fold_metrics
src/pages/page04_model_comparison.py,171,Download fold membership
src/pages/page04_model_comparison.py,172,fold_membership
src/pages/page04_model_comparison.py,186,Candidate ranking conclusion
src/pages/page04_model_comparison.py,188,horizontal
src/pages/page04_model_comparison.py,190,p4_ratio_r2
src/pages/page04_model_comparison.py,194,Lowest CV MAE
src/pages/page04_model_comparison.py,236,stretch
src/pages/page04_model_comparison.py,264,Recorded sliding-window timeline
src/pages/page04_model_comparison.py,267,Adjacent row blocks may share calendar months; row identities—not month labels alone—define each fold.
src/pages/page04_model_comparison.py,269,Additional comparison download
src/pages/page04_model_comparison.py,274,Download candidate summary
src/pages/page04_model_comparison.py,275,candidate_summary
src/pages/page04_model_comparison.py,284,Random Forest fold evidence is unavailable in this pack.
src/pages/page04_model_comparison.py,286,p4_rf_folds
src/pages/page04_model_comparison.py,292,rf_importance_drift
src/pages/page04_model_comparison.py,340,"Fold gaps and reliance drift are diagnostics, not proof of no memorization or production fitness."
src/pages/page04_model_comparison.py,350,Gradient Boosting and Random Forest fold evidence are both required for this view.
src/pages/page04_model_comparison.py,355,Random Forest
src/pages/page04_model_comparison.py,355,Gradient Boosting
src/pages/page04_model_comparison.py,392,p4_gb_head
src/pages/page04_model_comparison.py,414,The chart compares recorded errors; it does not establish a single causal reason for either model's rank.
src/pages/page04_model_comparison.py,431,Validation MAE
src/pages/page04_model_comparison.py,433,outside
src/pages/page04_model_comparison.py,439,Train MAE
src/pages/page04_model_comparison.py,440,markers+lines+text
src/pages/page04_model_comparison.py,447,top center
src/pages/page04_model_comparison.py,459,Baseline controls and lowest-CV-MAE reference
src/pages/page04_model_comparison.py,467,Baseline comparison conclusion
src/pages/page04_model_comparison.py,481,stretch
src/pages/page04_model_comparison.py,57,pipeline_run_id
src/pages/page04_model_comparison.py,57,audit_run_id
src/pages/page04_model_comparison.py,64,filename
src/pages/page04_model_comparison.py,65,mime
src/pages/page04_model_comparison.py,66,p4_audit_
src/pages/page04_model_comparison.py,80,Supplemental model evidence is unavailable: 
src/pages/page04_model_comparison.py,82,"PYTHONPATH=src .venv/bin/python -m ai_job_market.ui_evidence --workspace """
src/pages/page04_model_comparison.py,82,""""
src/pages/page04_model_comparison.py,85,page04
src/pages/page04_model_comparison.py,110,Unavailable
src/pages/page04_model_comparison.py,114,evidence_id
src/pages/page04_model_comparison.py,130,Temporal-validation guide unavailable: 
src/pages/page04_model_comparison.py,134,Each of the **
src/pages/page04_model_comparison.py,134, frozen candidate pipelines** uses the same 
src/pages/page04_model_comparison.py,135," raw salary inputs. Within every fold, preprocessing and the estimator are fitted only on that fold's training rows."
src/pages/page04_model_comparison.py,139,method
src/pages/page04_model_comparison.py,141,The active pack records **
src/pages/page04_model_comparison.py,141, folds** and **
src/pages/page04_model_comparison.py,142, train/validation row overlaps** within folds. The final validation block may contain the chronological remainder.
src/pages/page04_model_comparison.py,152,limitations
src/pages/page04_model_comparison.py,173,p4_fold_membership
src/pages/page04_model_comparison.py,196,Reference floor
src/pages/page04_model_comparison.py,198,Candidate
src/pages/page04_model_comparison.py,219,rank
src/pages/page04_model_comparison.py,220,model
src/pages/page04_model_comparison.py,221,role
src/pages/page04_model_comparison.py,222,validation_MAE_mean
src/pages/page04_model_comparison.py,223,train_MAE_mean
src/pages/page04_model_comparison.py,224,MAE_gap_usd
src/pages/page04_model_comparison.py,225,validation_R2_mean
src/pages/page04_model_comparison.py,226,train_R2_mean
src/pages/page04_model_comparison.py,227,validation_RMSE_mean
src/pages/page04_model_comparison.py,228,validation_MedAE_mean
src/pages/page04_model_comparison.py,229,fit_time_mean_s
src/pages/page04_model_comparison.py,230,status
src/pages/page04_model_comparison.py,219,Rank
src/pages/page04_model_comparison.py,220,Model
src/pages/page04_model_comparison.py,221,Decision role
src/pages/page04_model_comparison.py,222,Validation MAE (USD)
src/pages/page04_model_comparison.py,223,Train MAE (USD)
src/pages/page04_model_comparison.py,224,MAE gap (USD)
src/pages/page04_model_comparison.py,225,Validation R²
src/pages/page04_model_comparison.py,226,Train R²
src/pages/page04_model_comparison.py,227,Validation RMSE (USD)
src/pages/page04_model_comparison.py,228,Validation MedAE (USD)
src/pages/page04_model_comparison.py,229,Mean fit time (seconds)
src/pages/page04_model_comparison.py,230,Baseline status
src/pages/page04_model_comparison.py,238,Rank
src/pages/page04_model_comparison.py,239,Model
src/pages/page04_model_comparison.py,240,Validation MAE (USD)
src/pages/page04_model_comparison.py,241,Train MAE (USD)
src/pages/page04_model_comparison.py,242,MAE gap (USD)
src/pages/page04_model_comparison.py,243,Validation R²
src/pages/page04_model_comparison.py,244,Train R²
src/pages/page04_model_comparison.py,245,Validation RMSE (USD)
src/pages/page04_model_comparison.py,246,Validation MedAE (USD)
src/pages/page04_model_comparison.py,247,Mean fit time (seconds)
src/pages/page04_model_comparison.py,253,fold_id
src/pages/page04_model_comparison.py,256,fold_id
src/pages/page04_model_comparison.py,257,validation_period
src/pages/page04_model_comparison.py,258,train_rows
src/pages/page04_model_comparison.py,259,validation_rows
src/pages/page04_model_comparison.py,256,Fold
src/pages/page04_model_comparison.py,257,Validation period
src/pages/page04_model_comparison.py,258,Training rows
src/pages/page04_model_comparison.py,259,Validation rows
src/pages/page04_model_comparison.py,265,stretch
src/pages/page04_model_comparison.py,276,p4_candidate_summary
src/pages/page04_model_comparison.py,286,Random Forest
src/pages/page04_model_comparison.py,289,Random Forest
src/pages/page04_model_comparison.py,290,Temporal stability conclusion
src/pages/page04_model_comparison.py,296,importance_mean
src/pages/page04_model_comparison.py,353,fold_id
src/pages/page04_model_comparison.py,353,model
src/pages/page04_model_comparison.py,369,Gradient Boosting
src/pages/page04_model_comparison.py,373,Gradient Boosting train
src/pages/page04_model_comparison.py,374,lines+markers+text
src/pages/page04_model_comparison.py,379,top center
src/pages/page04_model_comparison.py,384,Frozen candidates across identical folds
src/pages/page04_model_comparison.py,385,group
src/pages/page04_model_comparison.py,395,Gradient Boosting
src/pages/page04_model_comparison.py,396,Gradient Boosting temporal conclusion
src/pages/page04_model_comparison.py,407,stretch
src/pages/page04_model_comparison.py,423,Linear Regression
src/pages/page04_model_comparison.py,423,Ridge Regression
src/pages/page04_model_comparison.py,423,Dummy Median
src/pages/page04_model_comparison.py,434,validation
src/pages/page04_model_comparison.py,448,training
src/pages/page04_model_comparison.py,449,training
src/pages/page04_model_comparison.py,454,dash
src/pages/page04_model_comparison.py,456,Dummy reference
src/pages/page04_model_comparison.py,472,model
src/pages/page04_model_comparison.py,473,train_MAE_mean
src/pages/page04_model_comparison.py,474,validation_MAE_mean
src/pages/page04_model_comparison.py,475,validation_R2_mean
src/pages/page04_model_comparison.py,472,Model
src/pages/page04_model_comparison.py,473,Train MAE (USD)
src/pages/page04_model_comparison.py,474,Validation MAE (USD)
src/pages/page04_model_comparison.py,475,Validation R²
src/pages/page04_model_comparison.py,483,Model
src/pages/page04_model_comparison.py,484,Train MAE (USD)
src/pages/page04_model_comparison.py,485,Validation MAE (USD)
src/pages/page04_model_comparison.py,486,Validation R²
src/pages/page04_model_comparison.py,53,reason
src/pages/page04_model_comparison.py,99,evidence_id
src/pages/page04_model_comparison.py,123,full_features
src/pages/page04_model_comparison.py,189,P2
src/pages/page04_model_comparison.py,197,Dummy Median
src/pages/page04_model_comparison.py,263,P3
src/pages/page04_model_comparison.py,318,Raw-family reliance mean vs fold variation · Top 3 labelled
src/pages/page04_model_comparison.py,325,p4_rf_drift
src/pages/page04_model_comparison.py,330,Raw inputs
src/pages/page04_model_comparison.py,332,Mean encoded columns
src/pages/page04_model_comparison.py,335,Validation R²
src/pages/page04_model_comparison.py,336,Fold MAE SD
src/pages/page04_model_comparison.py,362,outside
src/pages/page04_model_comparison.py,380,training
src/pages/page04_model_comparison.py,381,training
src/pages/page04_model_comparison.py,400,model
src/pages/page04_model_comparison.py,401,validation_MedAE_mean
src/pages/page04_model_comparison.py,400,Model
src/pages/page04_model_comparison.py,401,Validation MedAE (USD)
src/pages/page04_model_comparison.py,409,Model
src/pages/page04_model_comparison.py,410,Validation MedAE (USD)
src/pages/page04_model_comparison.py,432,$
src/pages/page04_model_comparison.py,455,threshold
src/pages/page04_model_comparison.py,461,MAE (USD)
src/pages/page04_model_comparison.py,461,",.0f"
src/pages/page04_model_comparison.py,464,hide
src/pages/page04_model_comparison.py,469,model
src/pages/page04_model_comparison.py,469,train_MAE_mean
src/pages/page04_model_comparison.py,469,validation_MAE_mean
src/pages/page04_model_comparison.py,469,validation_R2_mean
src/pages/page04_model_comparison.py,134,candidate_count
src/pages/page04_model_comparison.py,135,full_feature_count
src/pages/page04_model_comparison.py,141,fold_count
src/pages/page04_model_comparison.py,142,row_overlap_count
src/pages/page04_model_comparison.py,238,%d
src/pages/page04_model_comparison.py,240,$%.0f
src/pages/page04_model_comparison.py,241,$%.0f
src/pages/page04_model_comparison.py,242,$%.0f
src/pages/page04_model_comparison.py,243,%.3f
src/pages/page04_model_comparison.py,244,%.3f
src/pages/page04_model_comparison.py,245,$%.0f
src/pages/page04_model_comparison.py,246,$%.0f
src/pages/page04_model_comparison.py,247,%.3f
src/pages/page04_model_comparison.py,305,markers+text
src/pages/page04_model_comparison.py,312,top center
src/pages/page04_model_comparison.py,314,Raw-feature family
src/pages/page04_model_comparison.py,326,Random Forest
src/pages/page04_model_comparison.py,360, validation
src/pages/page04_model_comparison.py,386,Fold
src/pages/page04_model_comparison.py,387,MAE (USD)
src/pages/page04_model_comparison.py,387,",.0f"
src/pages/page04_model_comparison.py,390,hide
src/pages/page04_model_comparison.py,398,model
src/pages/page04_model_comparison.py,398,validation_MedAE_mean
src/pages/page04_model_comparison.py,442,$
src/pages/page04_model_comparison.py,484,$%.0f
src/pages/page04_model_comparison.py,485,$%.0f
src/pages/page04_model_comparison.py,486,%.3f
src/pages/page04_model_comparison.py,62,label
src/pages/page04_model_comparison.py,319,Mean importance
src/pages/page04_model_comparison.py,320,Population SD
src/pages/page04_model_comparison.py,324,P3
src/pages/page04_model_comparison.py,361,$
src/pages/page04_model_comparison.py,365,Random Forest
src/pages/page04_model_comparison.py,364,validation
src/pages/page04_model_comparison.py,366,prediction
src/pages/page04_model_comparison.py,376,$
src/pages/page04_model_comparison.py,410,$%.0f
src/pages/page04_model_comparison.py,432,",.0f"
src/pages/page04_model_comparison.py,295,candidate:Random Forest
src/pages/page04_model_comparison.py,295,raw_family
src/pages/page04_model_comparison.py,330,full_features
src/pages/page04_model_comparison.py,333,.0f
src/pages/page04_model_comparison.py,335,.3f
src/pages/page04_model_comparison.py,442,",.0f"
src/pages/page04_model_comparison.py,251,fold_id
src/pages/page04_model_comparison.py,251,validation_period
src/pages/page04_model_comparison.py,251,train_rows
src/pages/page04_model_comparison.py,251,validation_rows
src/pages/page04_model_comparison.py,313,validation
src/pages/page04_model_comparison.py,361,",.0f"
src/pages/page04_model_comparison.py,376,",.0f"
src/pages/page04_model_comparison.py,333,encoded_feature_count
src/pages/page04_model_comparison.py,308,importance_mean
src/pages/page04_model_comparison.py,333,Random Forest
src/pages/page05_best_model.py,208,admin
src/pages/page05_best_model.py,112,fold_id
src/pages/page05_best_model.py,113,train_period
src/pages/page05_best_model.py,114,validation_period
src/pages/page05_best_model.py,115,train_rows
src/pages/page05_best_model.py,116,validation_rows
src/pages/page05_best_model.py,136,Step
src/pages/page05_best_model.py,137,Flow
src/pages/page05_best_model.py,137,Train → Validation
src/pages/page05_best_model.py,150,candidate_fold_metrics
src/pages/page05_best_model.py,151,fold_membership
src/pages/page05_best_model.py,210,"5. Best model, diagnostics and uncertainty"
src/pages/page05_best_model.py,211,Saved full model · frozen-configuration CV · historically scored test evidence
src/pages/page05_best_model.py,254,period
src/pages/page05_best_model.py,254,unknown
src/pages/page05_best_model.py,45,content
src/pages/page05_best_model.py,49,stretch
src/pages/page05_best_model.py,54,available
src/pages/page05_best_model.py,58,Historical primary-pipeline audit · pipeline `
src/pages/page05_best_model.py,59,` · audit `
src/pages/page05_best_model.py,59,` · selection source `
src/pages/page05_best_model.py,60,`. This trace is separate from the active supplemental metrics.
src/pages/page05_best_model.py,63,downloads
src/pages/page05_best_model.py,80,CV MAE
src/pages/page05_best_model.py,82,outside
src/pages/page05_best_model.py,88,CV R²
src/pages/page05_best_model.py,89,y2
src/pages/page05_best_model.py,90,lines+markers+text
src/pages/page05_best_model.py,92,top center
src/pages/page05_best_model.py,119,candidate fold evidence is incomplete
src/pages/page05_best_model.py,135,candidate models disagree on temporal fold definitions
src/pages/page05_best_model.py,165,Branch B · How the temporal DEV folds are split
src/pages/page05_best_model.py,167,Historical Branch B evidence. This is the adjacent-block DEV protocol used by the saved workflow; it is separate from the strict training-validation/v1 expanding-fold protocol.
src/pages/page05_best_model.py,179,**How the fold split works**
src/pages/page05_best_model.py,192,**Step-by-step fold execution**
src/pages/page05_best_model.py,193,records
src/pages/page05_best_model.py,200,**Limits**
src/pages/page05_best_model.py,203,"Calendar labels can meet at block boundaries while record identities remain disjoint. The historical test was not used to choose fold membership or tuning settings, but it has been exposed to final scoring."
src/pages/page05_best_model.py,214,variant_metrics
src/pages/page05_best_model.py,215,variant_test_predictions
src/pages/page05_best_model.py,238,How does the saved full model generalize from temporal DEV validation to the historically scored test period?
src/pages/page05_best_model.py,256, historically scored rows · period 
src/pages/page05_best_model.py,256, · evidence `
src/pages/page05_best_model.py,256,`
src/pages/page05_best_model.py,258,MAE
src/pages/page05_best_model.py,258,MedAE
src/pages/page05_best_model.py,258,RMSE
src/pages/page05_best_model.py,258,R²
src/pages/page05_best_model.py,258,CV
src/pages/page05_best_model.py,258,Residual
src/pages/page05_best_model.py,258,q90
src/pages/page05_best_model.py,261,Generalization
src/pages/page05_best_model.py,261,Residual diagnostics
src/pages/page05_best_model.py,261,Tuning
src/pages/page05_best_model.py,261,Feature reliance
src/pages/page05_best_model.py,261,Trust and audit
src/pages/page05_best_model.py,265,**Question:** Did dollar error and explained variance improve or deteriorate from final-configuration DEV CV to the historical test period?
src/pages/page05_best_model.py,267,p5_general_dollars
src/pages/page05_best_model.py,312,Unit
src/pages/page05_best_model.py,315,DEV CV
src/pages/page05_best_model.py,315,Historical test
src/pages/page05_best_model.py,315,absolute_delta_test_minus_cv
src/pages/page05_best_model.py,320,relative_delta_pct
src/pages/page05_best_model.py,330,DEV CV
src/pages/page05_best_model.py,331,Historical test
src/pages/page05_best_model.py,331,Test − CV delta
src/pages/page05_best_model.py,331,Relative delta
src/pages/page05_best_model.py,333,Unit
src/pages/page05_best_model.py,337,Lower error is an error reduction—not a percentage accuracy gain. Historical test results were not used to retune this saved model.
src/pages/page05_best_model.py,342,"**Question:** Where do historical predictions depart from actual salaries, and are errors concentrated in a tail?"
src/pages/page05_best_model.py,344,p5_actual_predicted
src/pages/page05_best_model.py,378,"Scatter alignment and residual shape are diagnostics; neither proves unbiasedness, no overfitting, or future-market validity."
src/pages/page05_best_model.py,383,"**Question:** Which parameter values were applied, and what does the inherited sensitivity evidence actually support?"
src/pages/page05_best_model.py,386,parameters
src/pages/page05_best_model.py,482,manual_tuning_4params_summary
src/pages/page05_best_model.py,521,"**Question:** Which raw inputs does the fitted model rely on, and what changes when serving only category and experience?"
src/pages/page05_best_model.py,523,variant_permutation_importance
src/pages/page05_best_model.py,528,variant_encoded_importance
src/pages/page05_best_model.py,558,Fixed full vs Top-2 feature comparison
src/pages/page05_best_model.py,584,"Importance and feature ablation describe this fitted dataset/model. They are not causal wage effects, fairness evidence, or proof of production fitness."
src/pages/page05_best_model.py,589,"**Question:** How wide is the empirical historical-error reference, how often did it cover this same population, and what tail risk remains?"
src/pages/page05_best_model.py,624,benchmark_examples
src/pages/page05_best_model.py,625,Three traceable historical benchmark examples
src/pages/page05_best_model.py,667,The q90 band is computed and checked on the same historical test population. It is not a formal confidence interval or guaranteed coverage for future or extrapolated scenarios.
src/pages/page05_best_model.py,670,page05
src/pages/page05_best_model.py,46,filename
src/pages/page05_best_model.py,47,mime
src/pages/page05_best_model.py,55,Historical primary-pipeline audit unavailable: 
src/pages/page05_best_model.py,65,Download 
src/pages/page05_best_model.py,66,content
src/pages/page05_best_model.py,70,stretch
src/pages/page05_best_model.py,83,validation
src/pages/page05_best_model.py,93,development
src/pages/page05_best_model.py,94,development
src/pages/page05_best_model.py,131,fold_id
src/pages/page05_best_model.py,140,fold_id
src/pages/page05_best_model.py,141,train_period
src/pages/page05_best_model.py,142,validation_period
src/pages/page05_best_model.py,143,train_rows
src/pages/page05_best_model.py,144,validation_rows
src/pages/page05_best_model.py,140,Fold
src/pages/page05_best_model.py,141,Train period
src/pages/page05_best_model.py,142,Validation period
src/pages/page05_best_model.py,143,Train rows
src/pages/page05_best_model.py,144,Validation rows
src/pages/page05_best_model.py,175,Temporal folds
src/pages/page05_best_model.py,176,Candidate models
src/pages/page05_best_model.py,177,Train/validation overlap
src/pages/page05_best_model.py,180,method
src/pages/page05_best_model.py,184,stretch
src/pages/page05_best_model.py,201,limitations
src/pages/page05_best_model.py,239,Final full configuration · 
src/pages/page05_best_model.py,239, historical-test rows · 
src/pages/page05_best_model.py,240,finding
src/pages/page05_best_model.py,241,limit
src/pages/page05_best_model.py,246,Saved model
src/pages/page05_best_model.py,247,Historical test R²
src/pages/page05_best_model.py,248,Historical test MAE
src/pages/page05_best_model.py,249,Historical test MedAE
src/pages/page05_best_model.py,250,Test − CV R²
src/pages/page05_best_model.py,251,Empirical q90
src/pages/page05_best_model.py,254,historical_test
src/pages/page05_best_model.py,268,Generalization conclusion
src/pages/page05_best_model.py,273,Historical test
src/pages/page05_best_model.py,275,outside
src/pages/page05_best_model.py,281,DEV CV
src/pages/page05_best_model.py,282,markers+text
src/pages/page05_best_model.py,284,top center
src/pages/page05_best_model.py,288,R² on a separate unitless scale
src/pages/page05_best_model.py,295,p5_general_r2
src/pages/page05_best_model.py,313,R2
src/pages/page05_best_model.py,313,MAE
src/pages/page05_best_model.py,313,MedAE
src/pages/page05_best_model.py,313,RMSE
src/pages/page05_best_model.py,313,unitless
src/pages/page05_best_model.py,313,USD
src/pages/page05_best_model.py,313,USD
src/pages/page05_best_model.py,313,USD
src/pages/page05_best_model.py,335,horizontal
src/pages/page05_best_model.py,344,full:selected
src/pages/page05_best_model.py,345,full:selected
src/pages/page05_best_model.py,350,available
src/pages/page05_best_model.py,351,finding
src/pages/page05_best_model.py,352,why_it_matters
src/pages/page05_best_model.py,353,limit
src/pages/page05_best_model.py,354,decision_or_use
src/pages/page05_best_model.py,352,"Residual sign shows the typical direction of error, while the scatter shows how errors vary across salary levels."
src/pages/page05_best_model.py,353,"A centered median or visual pattern does not prove unbiasedness, no overfitting or future stability."
src/pages/page05_best_model.py,354,Inspect the residual distribution and tail metrics together rather than relying on one center statistic.
src/pages/page05_best_model.py,356,Residual diagnostic conclusion
src/pages/page05_best_model.py,367,dash
src/pages/page05_best_model.py,367,Zero
src/pages/page05_best_model.py,369,Historical-test residual distribution
src/pages/page05_best_model.py,376,p5_residual
src/pages/page05_best_model.py,386,full:selected
src/pages/page05_best_model.py,396,Priority guide: How hyperparameter tuning works
src/pages/page05_best_model.py,446,**Current tuning evidence downloads**
src/pages/page05_best_model.py,465,**Optional historical primary-pipeline audit**
src/pages/page05_best_model.py,468,manual_tuning_step2_n_estimators
src/pages/page05_best_model.py,468,n_estimators
src/pages/page05_best_model.py,468,Number of trees
src/pages/page05_best_model.py,469,manual_tuning_step3_max_depth
src/pages/page05_best_model.py,469,max_depth
src/pages/page05_best_model.py,469,Maximum depth
src/pages/page05_best_model.py,470,manual_tuning_step4_min_samples_leaf
src/pages/page05_best_model.py,470,min_samples_leaf
src/pages/page05_best_model.py,470,Minimum leaf samples
src/pages/page05_best_model.py,471,manual_tuning_step5_max_features
src/pages/page05_best_model.py,471,max_features
src/pages/page05_best_model.py,471,Feature subsampling
src/pages/page05_best_model.py,486,Tuning evidence conclusion
src/pages/page05_best_model.py,516,/4 sensitivity charts available. Sweep winners are evidence; the model's applied parameters are the manifest contract.
src/pages/page05_best_model.py,525,Raw permutation evidence is unavailable.
src/pages/page05_best_model.py,527,p5_full_importance
src/pages/page05_best_model.py,533,importance
src/pages/page05_best_model.py,556,feature_variant
src/pages/page05_best_model.py,556,evaluation
src/pages/page05_best_model.py,556,row_count
src/pages/page05_best_model.py,556,MAE
src/pages/page05_best_model.py,556,RMSE
src/pages/page05_best_model.py,556,R2
src/pages/page05_best_model.py,556,MedAE
src/pages/page05_best_model.py,573,stretch
src/pages/page05_best_model.py,582,Feature-set conclusion
src/pages/page05_best_model.py,592,full:selected
src/pages/page05_best_model.py,613,dash
src/pages/page05_best_model.py,613,q90
src/pages/page05_best_model.py,615,Historical-test absolute-error distribution
src/pages/page05_best_model.py,622,p5_ecdf
src/pages/page05_best_model.py,623,Uncertainty conclusion
src/pages/page05_best_model.py,665,No strict-policy historical examples are available.
src/pages/page05_best_model.py,59,pipeline_run_id
src/pages/page05_best_model.py,59,audit_run_id
src/pages/page05_best_model.py,60,unavailable
src/pages/page05_best_model.py,67,filename
src/pages/page05_best_model.py,68,mime
src/pages/page05_best_model.py,69,p5_audit_
src/pages/page05_best_model.py,81,$
src/pages/page05_best_model.py,99,CV MAE (USD)
src/pages/page05_best_model.py,99,",.0f"
src/pages/page05_best_model.py,100,CV R²
src/pages/page05_best_model.py,100,y
src/pages/page05_best_model.py,100,right
src/pages/page05_best_model.py,101,h
src/pages/page05_best_model.py,104,hide
src/pages/page05_best_model.py,131,stable
src/pages/page05_best_model.py,171,Branch B fold guide unavailable: 
src/pages/page05_best_model.py,175,fold_count
src/pages/page05_best_model.py,176,candidate_count
src/pages/page05_best_model.py,177,row_overlap_count
src/pages/page05_best_model.py,186,Step
src/pages/page05_best_model.py,187,Train rows
src/pages/page05_best_model.py,188,Validation rows
src/pages/page05_best_model.py,195,**Step 
src/pages/page05_best_model.py,195, · 
src/pages/page05_best_model.py,195,:** fit preprocessing + model on `
src/pages/page05_best_model.py,196,` (**
src/pages/page05_best_model.py,196, rows**) → validate on `
src/pages/page05_best_model.py,197,` (**
src/pages/page05_best_model.py,197, rows**).
src/pages/page05_best_model.py,217,Supplemental diagnostic evidence is unavailable: 
src/pages/page05_best_model.py,219,"PYTHONPATH=src .venv/bin/python -m ai_job_market.ui_evidence --workspace """
src/pages/page05_best_model.py,219,""""
src/pages/page05_best_model.py,222,page05
src/pages/page05_best_model.py,246,Random Forest · full 
src/pages/page05_best_model.py,251,±
src/pages/page05_best_model.py,256,evidence_id
src/pages/page05_best_model.py,271,Historical test
src/pages/page05_best_model.py,276,historical_test
src/pages/page05_best_model.py,279,DEV CV
src/pages/page05_best_model.py,299,metric
src/pages/page05_best_model.py,300,DEV CV
src/pages/page05_best_model.py,301,Historical test
src/pages/page05_best_model.py,302,absolute_delta_test_minus_cv
src/pages/page05_best_model.py,303,relative_delta_pct
src/pages/page05_best_model.py,321,Unavailable
src/pages/page05_best_model.py,325,metric
src/pages/page05_best_model.py,326,absolute_delta_test_minus_cv
src/pages/page05_best_model.py,327,relative_delta_pct
src/pages/page05_best_model.py,325,Metric
src/pages/page05_best_model.py,326,Test − CV delta
src/pages/page05_best_model.py,327,Relative delta
src/pages/page05_best_model.py,330,DEV CV
src/pages/page05_best_model.py,330,*
src/pages/page05_best_model.py,330,*
src/pages/page05_best_model.py,333,Unit
src/pages/page05_best_model.py,333,*
src/pages/page05_best_model.py,333,*
src/pages/page05_best_model.py,351,The median historical-test residual (actual − predicted) is $
src/pages/page05_best_model.py,351, across 
src/pages/page05_best_model.py,351, rows.
src/pages/page05_best_model.py,362,Historical-test residuals
src/pages/page05_best_model.py,386,models
src/pages/page05_best_model.py,400,stage_trial_counts
src/pages/page05_best_model.py,401,**What is tuned?**
src/pages/page05_best_model.py,403,"The inherited workflow tunes four Random Forest controls: number of trees (`n_estimators`), tree depth, minimum leaf size and feature subsampling. Every trial keeps the same full feature contract and random seed."
src/pages/page05_best_model.py,407,**How does the search run?**
src/pages/page05_best_model.py,417,**Why tune on temporal DEV folds?**
src/pages/page05_best_model.py,419,The procedure compares settings on later chronological blocks without using the locked test to choose parameters. Reusing identical folds makes trial scores comparable.
src/pages/page05_best_model.py,422,**Selection rule**
src/pages/page05_best_model.py,428,**Applied configuration**
src/pages/page05_best_model.py,430,matches
src/pages/page05_best_model.py,432,does not fully match
src/pages/page05_best_model.py,439,**Limitations**
src/pages/page05_best_model.py,441,"This is an inherited **non-nested DEV search**: the same development-fold system supports tuning and reporting, so sweep gains are not an independent outer-fold estimate. The locked test was not used to choose these settings, but it was historically exposed to final scoring. Parameter associations do not prove why performance changed."
src/pages/page05_best_model.py,448,Download initial anchor grid
src/pages/page05_best_model.py,448,manual_tuning_step1_gridsearch
src/pages/page05_best_model.py,449,Download n_estimators sweep
src/pages/page05_best_model.py,449,manual_tuning_step2_n_estimators
src/pages/page05_best_model.py,450,Download max_depth sweep
src/pages/page05_best_model.py,450,manual_tuning_step3_max_depth
src/pages/page05_best_model.py,451,Download min_samples_leaf sweep
src/pages/page05_best_model.py,451,manual_tuning_step4_min_samples_leaf
src/pages/page05_best_model.py,452,Download max_features sweep
src/pages/page05_best_model.py,452,manual_tuning_step5_max_features
src/pages/page05_best_model.py,453,Download tuning summary
src/pages/page05_best_model.py,453,manual_tuning_4params_summary
src/pages/page05_best_model.py,493,horizontal
src/pages/page05_best_model.py,509,stretch
src/pages/page05_best_model.py,527,full:selected
src/pages/page05_best_model.py,546,Full model: encoded estimator reliance · Top 15
src/pages/page05_best_model.py,554,p5_encoded_importance
src/pages/page05_best_model.py,561,feature_variant
src/pages/page05_best_model.py,562,evaluation
src/pages/page05_best_model.py,563,row_count
src/pages/page05_best_model.py,564,MAE
src/pages/page05_best_model.py,565,RMSE
src/pages/page05_best_model.py,566,R2
src/pages/page05_best_model.py,567,MedAE
src/pages/page05_best_model.py,561,Feature set
src/pages/page05_best_model.py,562,Evaluation
src/pages/page05_best_model.py,563,Rows
src/pages/page05_best_model.py,564,MAE (USD)
src/pages/page05_best_model.py,565,RMSE (USD)
src/pages/page05_best_model.py,566,R²
src/pages/page05_best_model.py,567,MedAE (USD)
src/pages/page05_best_model.py,575,Rows
src/pages/page05_best_model.py,576,MAE (USD)
src/pages/page05_best_model.py,577,RMSE (USD)
src/pages/page05_best_model.py,578,R²
src/pages/page05_best_model.py,579,MedAE (USD)
src/pages/page05_best_model.py,597,Empirical q90
src/pages/page05_best_model.py,598,Same-population coverage
src/pages/page05_best_model.py,599,Coverage denominator
src/pages/page05_best_model.py,600,RMSE / MedAE
src/pages/page05_best_model.py,608,lines
src/pages/page05_best_model.py,609,Historical-test empirical CDF
src/pages/page05_best_model.py,655,stretch
src/pages/page05_best_model.py,55,reason
src/pages/page05_best_model.py,60,selection_source
src/pages/page05_best_model.py,134,fold_id
src/pages/page05_best_model.py,156,full_features
src/pages/page05_best_model.py,229,full
src/pages/page05_best_model.py,229,historical_test
src/pages/page05_best_model.py,232,full
src/pages/page05_best_model.py,232,dev_cv_mean
src/pages/page05_best_model.py,239,evidence_id
src/pages/page05_best_model.py,254,datasets
src/pages/page05_best_model.py,285,circle
src/pages/page05_best_model.py,290,R²
src/pages/page05_best_model.py,290,.3f
src/pages/page05_best_model.py,294,P2
src/pages/page05_best_model.py,309,R2
src/pages/page05_best_model.py,309,MAE
src/pages/page05_best_model.py,309,MedAE
src/pages/page05_best_model.py,309,RMSE
src/pages/page05_best_model.py,317,R2
src/pages/page05_best_model.py,317,$
src/pages/page05_best_model.py,321,%
src/pages/page05_best_model.py,332,**
src/pages/page05_best_model.py,332,**
src/pages/page05_best_model.py,363,historical_test
src/pages/page05_best_model.py,370,Actual − predicted (USD)
src/pages/page05_best_model.py,370,",.0f"
src/pages/page05_best_model.py,371,Records
src/pages/page05_best_model.py,375,P3
src/pages/page05_best_model.py,398,Tuning methodology guide unavailable: 
src/pages/page05_best_model.py,409,It first compares **
src/pages/page05_best_model.py,409," anchor configurations**, then runs sequential one-parameter sweeps: **"
src/pages/page05_best_model.py,410,"** tree-count, **"
src/pages/page05_best_model.py,411,"** depth, **"
src/pages/page05_best_model.py,411,** leaf-size and **
src/pages/page05_best_model.py,412,** feature-subsampling trials (**
src/pages/page05_best_model.py,413, trials total**). Each trial is scored over 
src/pages/page05_best_model.py,414, temporal DEV folds. Values selected or fixed by the inherited workflow are carried into later sweeps.
src/pages/page05_best_model.py,424,Tuning ranks trials by **
src/pages/page05_best_model.py,424, (
src/pages/page05_best_model.py,425,")**. This differs from the Page 04 family comparison, which ranks candidates by mean validation **MAE (lower is better)**."
src/pages/page05_best_model.py,431,saved_matches_initial_winner
src/pages/page05_best_model.py,435,The saved model 
src/pages/page05_best_model.py,435, the highest-R² row in the recorded initial anchor table. The primary audit records selection from the first row of that sorted table; later coordinate sweeps are sensitivity evidence and do not silently redefine the model.
src/pages/page05_best_model.py,477, sensitivity evidence is unavailable.
src/pages/page05_best_model.py,480,p5_tune_
src/pages/page05_best_model.py,499,hyperparameter
src/pages/page05_best_model.py,500,search_space
src/pages/page05_best_model.py,501,optimal_value
src/pages/page05_best_model.py,502,best_cv_r2
src/pages/page05_best_model.py,503,best_cv_mae
src/pages/page05_best_model.py,499,Hyperparameter
src/pages/page05_best_model.py,500,Recorded sweep
src/pages/page05_best_model.py,501,Stage winner
src/pages/page05_best_model.py,502,Best CV R²
src/pages/page05_best_model.py,503,Best CV MAE (USD)
src/pages/page05_best_model.py,511,Best CV R²
src/pages/page05_best_model.py,512,Best CV MAE (USD)
src/pages/page05_best_model.py,532,importance
src/pages/page05_best_model.py,539,h
src/pages/page05_best_model.py,541,outside
src/pages/page05_best_model.py,555,dev_cv_mean
src/pages/page05_best_model.py,555,historical_test
src/pages/page05_best_model.py,597,±
src/pages/page05_best_model.py,600,Unavailable
src/pages/page05_best_model.py,610,historical_test
src/pages/page05_best_model.py,616,Absolute error (USD)
src/pages/page05_best_model.py,616,",.0f"
src/pages/page05_best_model.py,617,Cumulative share
src/pages/page05_best_model.py,617,.0%
src/pages/page05_best_model.py,621,P3
src/pages/page05_best_model.py,641,record_id
src/pages/page05_best_model.py,642,job_title
src/pages/page05_best_model.py,643,job_category
src/pages/page05_best_model.py,644,years_of_experience
src/pages/page05_best_model.py,645,annual_salary_usd
src/pages/page05_best_model.py,646,predicted_full_usd
src/pages/page05_best_model.py,647,predicted_top2_usd
src/pages/page05_best_model.py,648,historically_exposed
src/pages/page05_best_model.py,649,pristine
src/pages/page05_best_model.py,641,Record ID
src/pages/page05_best_model.py,642,Job title
src/pages/page05_best_model.py,643,Job category
src/pages/page05_best_model.py,644,Experience (years)
src/pages/page05_best_model.py,645,Actual salary (USD)
src/pages/page05_best_model.py,646,Full prediction (USD)
src/pages/page05_best_model.py,647,Top-2 prediction (USD)
src/pages/page05_best_model.py,648,Historically exposed
src/pages/page05_best_model.py,649,Pristine
src/pages/page05_best_model.py,657,Record ID
src/pages/page05_best_model.py,658,Experience (years)
src/pages/page05_best_model.py,659,Actual salary (USD)
src/pages/page05_best_model.py,660,Full prediction (USD)
src/pages/page05_best_model.py,661,Top-2 prediction (USD)
src/pages/page05_best_model.py,81,",.0f"
src/pages/page05_best_model.py,186,%d
src/pages/page05_best_model.py,187,%d
src/pages/page05_best_model.py,188,%d
src/pages/page05_best_model.py,195,Step
src/pages/page05_best_model.py,195,Fold
src/pages/page05_best_model.py,196,Train period
src/pages/page05_best_model.py,196,","
src/pages/page05_best_model.py,197,Validation period
src/pages/page05_best_model.py,197,","
src/pages/page05_best_model.py,247,.3f
src/pages/page05_best_model.py,250,+.3f
src/pages/page05_best_model.py,285,development
src/pages/page05_best_model.py,351,",.0f"
src/pages/page05_best_model.py,479,P2
src/pages/page05_best_model.py,496,hyperparameter
src/pages/page05_best_model.py,496,search_space
src/pages/page05_best_model.py,496,optimal_value
src/pages/page05_best_model.py,496,best_cv_r2
src/pages/page05_best_model.py,496,best_cv_mae
src/pages/page05_best_model.py,542,validation
src/pages/page05_best_model.py,547,Impurity importance
src/pages/page05_best_model.py,547,.3f
src/pages/page05_best_model.py,551,hide
src/pages/page05_best_model.py,553,P3
src/pages/page05_best_model.py,575,%d
src/pages/page05_best_model.py,576,$%.0f
src/pages/page05_best_model.py,577,$%.0f
src/pages/page05_best_model.py,578,%.3f
src/pages/page05_best_model.py,579,$%.0f
src/pages/page05_best_model.py,600,×
src/pages/page05_best_model.py,629,record_id
src/pages/page05_best_model.py,630,job_title
src/pages/page05_best_model.py,631,job_category
src/pages/page05_best_model.py,632,years_of_experience
src/pages/page05_best_model.py,633,annual_salary_usd
src/pages/page05_best_model.py,634,predicted_full_usd
src/pages/page05_best_model.py,635,predicted_top2_usd
src/pages/page05_best_model.py,636,historically_exposed
src/pages/page05_best_model.py,637,pristine
src/pages/page05_best_model.py,65,label
src/pages/page05_best_model.py,91,.3f
src/pages/page05_best_model.py,196,Train rows
src/pages/page05_best_model.py,197,Validation rows
src/pages/page05_best_model.py,246,full_features
src/pages/page05_best_model.py,274,.3f
src/pages/page05_best_model.py,283,.3f
src/pages/page05_best_model.py,317,.3f
src/pages/page05_best_model.py,317,",.0f"
src/pages/page05_best_model.py,321,+.1f
src/pages/page05_best_model.py,409,initial_trial_count
src/pages/page05_best_model.py,410,n_estimators
src/pages/page05_best_model.py,411,max_depth
src/pages/page05_best_model.py,411,min_samples_leaf
src/pages/page05_best_model.py,412,max_features
src/pages/page05_best_model.py,413,total_trial_count
src/pages/page05_best_model.py,414,effective_folds
src/pages/page05_best_model.py,424,ranking_metric
src/pages/page05_best_model.py,425,ranking_direction
src/pages/page05_best_model.py,463,p5_tuning_
src/pages/page05_best_model.py,511,%.3f
src/pages/page05_best_model.py,512,$%.0f
src/pages/page05_best_model.py,598,.1%
src/pages/page05_best_model.py,658,%.1f
src/pages/page05_best_model.py,659,$%.0f
src/pages/page05_best_model.py,660,$%.0f
src/pages/page05_best_model.py,661,$%.0f
src/pages/page05_best_model.py,123,fold_id
src/pages/page05_best_model.py,124,train_period
src/pages/page05_best_model.py,125,validation_period
src/pages/page05_best_model.py,126,train_rows
src/pages/page05_best_model.py,127,validation_rows
src/pages/page05_best_model.py,531,full:selected
src/pages/page05_best_model.py,600,.1f
src/pages/page05_best_model.py,540,.3f
src/pages/page06_prediction.py,57,admin
src/pages/page06_prediction.py,34,p6_results
src/pages/page06_prediction.py,35,p6_growth_results
src/pages/page06_prediction.py,45,scenario_id
src/pages/page06_prediction.py,45,S
src/pages/page06_prediction.py,59,6. Controlled salary scenarios
src/pages/page06_prediction.py,60,Fixed Top-2 Random Forest · observed DEV policy · historical empirical uncertainty
src/pages/page06_prediction.py,87,p6_context_reset
src/pages/page06_prediction.py,92,historical_test_metrics
src/pages/page06_prediction.py,114,1. Quick-load historical benchmarks
src/pages/page06_prediction.py,115,benchmark_examples
src/pages/page06_prediction.py,141,2. Controlled scenario builder
src/pages/page06_prediction.py,144,Job category
src/pages/page06_prediction.py,148,Job title — observed DEV association
src/pages/page06_prediction.py,150,p6_experience_
src/pages/page06_prediction.py,154,Years of experience
src/pages/page06_prediction.py,166,Add validated scenario
src/pages/page06_prediction.py,181,3. Validation queue and actions
src/pages/page06_prediction.py,241,p6_results
src/pages/page06_prediction.py,41,The queue limit is 100 scenarios.
src/pages/page06_prediction.py,63,scenario_policy
src/pages/page06_prediction.py,64,top2_metadata
src/pages/page06_prediction.py,75,evidence_id
src/pages/page06_prediction.py,76,policy_hash
src/pages/page06_prediction.py,77,model_id
src/pages/page06_prediction.py,79,p6_context
src/pages/page06_prediction.py,84,p6_results
src/pages/page06_prediction.py,85,p6_growth_results
src/pages/page06_prediction.py,89,"Scenario state was reset because the active workspace, evidence, policy, or model changed."
src/pages/page06_prediction.py,95,How do validated job-category and experience scenarios compare under the fixed two-input salary model?
src/pages/page06_prediction.py,98,"This is an academic scenario comparison, not a compensation recommendation or guaranteed salary range."
src/pages/page06_prediction.py,110,Evidence `
src/pages/page06_prediction.py,110,"` · fixed feature ablation, not independently tuned · no training occurs on this page"
src/pages/page06_prediction.py,112,R²
src/pages/page06_prediction.py,112,q90
src/pages/page06_prediction.py,117,No strict-policy historical benchmark examples are available.
src/pages/page06_prediction.py,138,"Examples were already included in historical test scoring. They are traceable, not pristine or newly held out."
src/pages/page06_prediction.py,142,pairs
src/pages/page06_prediction.py,144,p6_category
src/pages/page06_prediction.py,146,p6_title
src/pages/page06_prediction.py,148,p6_title
src/pages/page06_prediction.py,149,titles
src/pages/page06_prediction.py,164,Within observed DEV bounds: 
src/pages/page06_prediction.py,164,–
src/pages/page06_prediction.py,164, years · title median 
src/pages/page06_prediction.py,164, · pair support 
src/pages/page06_prediction.py,166,primary
src/pages/page06_prediction.py,166,p6_add
src/pages/page06_prediction.py,168,source
src/pages/page06_prediction.py,169,job_category
src/pages/page06_prediction.py,170,job_title
src/pages/page06_prediction.py,171,years_of_experience
src/pages/page06_prediction.py,168,manual
src/pages/page06_prediction.py,184,The queue is empty. Add a validated scenario or quick-load a benchmark.
src/pages/page06_prediction.py,221,Run batch salary prediction
src/pages/page06_prediction.py,223,Clear queue
src/pages/page06_prediction.py,245,p6_results
src/pages/page06_prediction.py,248,4. Visual prediction results
src/pages/page06_prediction.py,250,"**Question:** What salary range does this validated batch produce, how uncertain is the historical reference, and which rows have known actuals or extrapolation flags?"
src/pages/page06_prediction.py,255,Prediction chart page
src/pages/page06_prediction.py,265,p6_prediction_interval
src/pages/page06_prediction.py,272,Whiskers use a same-population historical absolute-error q90. They are not formal confidence intervals or salary guarantees; lower bounds are clipped at zero.
src/pages/page06_prediction.py,275,Extend growth curves to 0–15 years
src/pages/page06_prediction.py,283,Generate seniority growth view
src/pages/page06_prediction.py,305,p6_growth_results
src/pages/page06_prediction.py,343,scenario_id
src/pages/page06_prediction.py,344,job_title
src/pages/page06_prediction.py,345,job_category
src/pages/page06_prediction.py,346,years_of_experience
src/pages/page06_prediction.py,347,validation_mode
src/pages/page06_prediction.py,348,lower_bound_usd
src/pages/page06_prediction.py,349,predicted_salary_usd
src/pages/page06_prediction.py,350,upper_bound_usd
src/pages/page06_prediction.py,351,actual_salary_usd
src/pages/page06_prediction.py,352,absolute_error_usd
src/pages/page06_prediction.py,353,signed_variance_pct
src/pages/page06_prediction.py,386,Download prediction audit v1
src/pages/page06_prediction.py,393,Download original enterprise-schema scenarios
src/pages/page06_prediction.py,400,The audit CSV uses signed variance. The original-schema file is an incomplete scenario interchange file; it does not place predictions into observed salary columns.
src/pages/page06_prediction.py,45,03d
src/pages/page06_prediction.py,96,Inputs: 
src/pages/page06_prediction.py,96, · historical reference: 
src/pages/page06_prediction.py,96, rows · 
src/pages/page06_prediction.py,97,The fixed two-input model records historical-test R² 
src/pages/page06_prediction.py,97, with an empirical q90 absolute error of 
src/pages/page06_prediction.py,97,.
src/pages/page06_prediction.py,103,Model
src/pages/page06_prediction.py,104,Active inputs
src/pages/page06_prediction.py,105,Historical test R²
src/pages/page06_prediction.py,106,Empirical q90
src/pages/page06_prediction.py,152,median
src/pages/page06_prediction.py,212,stretch
src/pages/page06_prediction.py,221,primary
src/pages/page06_prediction.py,221,p6_run
src/pages/page06_prediction.py,223,p6_clear
src/pages/page06_prediction.py,236,context
src/pages/page06_prediction.py,237,revision
src/pages/page06_prediction.py,238,rows
src/pages/page06_prediction.py,252,rows
src/pages/page06_prediction.py,260,p6_result_page
src/pages/page06_prediction.py,264,Scenarios 
src/pages/page06_prediction.py,264,–
src/pages/page06_prediction.py,264, of 
src/pages/page06_prediction.py,269,Batch prediction conclusion
src/pages/page06_prediction.py,275,p6_extend
src/pages/page06_prediction.py,279,I understand extended points are outside observed DEV experience bounds and historical q90 coverage is unvalidated there.
src/pages/page06_prediction.py,283,p6_growth
src/pages/page06_prediction.py,339,This model response curve is not a causal or necessarily monotonic salary trajectory.
src/pages/page06_prediction.py,373,stretch
src/pages/page06_prediction.py,388,salary_prediction_audit_v1.csv
src/pages/page06_prediction.py,389,text/csv
src/pages/page06_prediction.py,390,stretch
src/pages/page06_prediction.py,395,salary_scenarios_source_schema_v1.csv
src/pages/page06_prediction.py,396,text/csv
src/pages/page06_prediction.py,397,stretch
src/pages/page06_prediction.py,67,Top-2 serving evidence is unavailable or incompatible: 
src/pages/page06_prediction.py,69,"PYTHONPATH=src .venv/bin/python -m ai_job_market.ui_evidence --workspace """
src/pages/page06_prediction.py,69,""""
src/pages/page06_prediction.py,103,model_name
src/pages/page06_prediction.py,106,±
src/pages/page06_prediction.py,110,evidence_id
src/pages/page06_prediction.py,121, · 
src/pages/page06_prediction.py,121,y · actual 
src/pages/page06_prediction.py,155,min
src/pages/page06_prediction.py,156,max
src/pages/page06_prediction.py,164,min
src/pages/page06_prediction.py,164,g
src/pages/page06_prediction.py,164,max
src/pages/page06_prediction.py,164,g
src/pages/page06_prediction.py,164,median
src/pages/page06_prediction.py,164,g
src/pages/page06_prediction.py,190,scenario_id
src/pages/page06_prediction.py,191,source
src/pages/page06_prediction.py,192,job_title
src/pages/page06_prediction.py,193,job_category
src/pages/page06_prediction.py,194,years_of_experience
src/pages/page06_prediction.py,195,actual_salary_usd
src/pages/page06_prediction.py,201,scenario_id
src/pages/page06_prediction.py,202,source
src/pages/page06_prediction.py,203,job_title
src/pages/page06_prediction.py,204,job_category
src/pages/page06_prediction.py,205,years_of_experience
src/pages/page06_prediction.py,206,actual_salary_usd
src/pages/page06_prediction.py,201,Scenario ID
src/pages/page06_prediction.py,202,Source
src/pages/page06_prediction.py,203,Job title
src/pages/page06_prediction.py,204,Job category
src/pages/page06_prediction.py,205,Experience (years)
src/pages/page06_prediction.py,206,Known actual (USD)
src/pages/page06_prediction.py,214,Scenario ID
src/pages/page06_prediction.py,215,Experience (years)
src/pages/page06_prediction.py,216,Known actual (USD)
src/pages/page06_prediction.py,243,context
src/pages/page06_prediction.py,243,revision
src/pages/page06_prediction.py,280,p6_extend_ack
src/pages/page06_prediction.py,310,job_category
src/pages/page06_prediction.py,310,job_title
src/pages/page06_prediction.py,310,validation_mode
src/pages/page06_prediction.py,328,Model scenario across years of experience
src/pages/page06_prediction.py,337,p6_growth_chart
src/pages/page06_prediction.py,357,scenario_id
src/pages/page06_prediction.py,358,job_title
src/pages/page06_prediction.py,359,job_category
src/pages/page06_prediction.py,360,years_of_experience
src/pages/page06_prediction.py,361,validation_mode
src/pages/page06_prediction.py,362,lower_bound_usd
src/pages/page06_prediction.py,363,predicted_salary_usd
src/pages/page06_prediction.py,364,upper_bound_usd
src/pages/page06_prediction.py,365,actual_salary_usd
src/pages/page06_prediction.py,366,absolute_error_usd
src/pages/page06_prediction.py,367,signed_variance_pct
src/pages/page06_prediction.py,357,Scenario ID
src/pages/page06_prediction.py,358,Job title
src/pages/page06_prediction.py,359,Job category
src/pages/page06_prediction.py,360,Experience (years)
src/pages/page06_prediction.py,361,Validation mode
src/pages/page06_prediction.py,362,Lower reference (USD)
src/pages/page06_prediction.py,363,Prediction (USD)
src/pages/page06_prediction.py,364,Upper reference (USD)
src/pages/page06_prediction.py,365,Known actual (USD)
src/pages/page06_prediction.py,366,Absolute error (USD)
src/pages/page06_prediction.py,367,Signed variance (%)
src/pages/page06_prediction.py,375,Scenario ID
src/pages/page06_prediction.py,376,Experience (years)
src/pages/page06_prediction.py,377,Lower reference (USD)
src/pages/page06_prediction.py,378,Prediction (USD)
src/pages/page06_prediction.py,379,Upper reference (USD)
src/pages/page06_prediction.py,380,Known actual (USD)
src/pages/page06_prediction.py,381,Absolute error (USD)
src/pages/page06_prediction.py,382,Signed variance (%)
src/pages/page06_prediction.py,387,rows
src/pages/page06_prediction.py,96,evidence_id
src/pages/page06_prediction.py,97,R2
src/pages/page06_prediction.py,97,.3f
src/pages/page06_prediction.py,145,job_title
src/pages/page06_prediction.py,174,scenario_id
src/pages/page06_prediction.py,174,preview
src/pages/page06_prediction.py,233,Prediction blocked: 
src/pages/page06_prediction.py,268,q90_abs_error_usd
src/pages/page06_prediction.py,287,rows
src/pages/page06_prediction.py,290,scenario_id
src/pages/page06_prediction.py,290,policy_hash
src/pages/page06_prediction.py,319,lines+markers
src/pages/page06_prediction.py,96,", "
src/pages/page06_prediction.py,96,feature_order
src/pages/page06_prediction.py,96,rows
src/pages/page06_prediction.py,97,q90_abs_error_usd
src/pages/page06_prediction.py,105,R2
src/pages/page06_prediction.py,105,.3f
src/pages/page06_prediction.py,121,g
src/pages/page06_prediction.py,122,p6_benchmark_
src/pages/page06_prediction.py,126,source
src/pages/page06_prediction.py,127,actual_salary_usd
src/pages/page06_prediction.py,126,benchmark
src/pages/page06_prediction.py,215,%.1f
src/pages/page06_prediction.py,216,$%.0f
src/pages/page06_prediction.py,292,experience_exception
src/pages/page06_prediction.py,304,Growth view blocked: 
src/pages/page06_prediction.py,325, · 
src/pages/page06_prediction.py,325, · 
src/pages/page06_prediction.py,329,Years (validated points only)
src/pages/page06_prediction.py,331,Predicted annual salary (USD)
src/pages/page06_prediction.py,331,",.0f"
src/pages/page06_prediction.py,336,P2
src/pages/page06_prediction.py,376,%.1f
src/pages/page06_prediction.py,377,$%.0f
src/pages/page06_prediction.py,378,$%.0f
src/pages/page06_prediction.py,379,$%.0f
src/pages/page06_prediction.py,380,$%.0f
src/pages/page06_prediction.py,381,$%.0f
src/pages/page06_prediction.py,382,%.1f%%
src/pages/page06_prediction.py,96,historical_test
src/pages/page06_prediction.py,104,feature_order
src/pages/page06_prediction.py,106,q90_abs_error_usd
src/pages/page06_prediction.py,292,validation_mode
src/pages/page06_prediction.py,96,datasets
src/pages/page06_prediction.py,131,scenario_id
src/pages/page06_prediction.py,131,preview
src/pages/page06_prediction.py,322,dash
src/pages/page06_prediction.py,322,solid
src/pages/page06_prediction.py,322,experience_exception
src/pages/page07_integrated.py,11,admin
src/pages/page07_integrated.py,13,7. Integrated Market Insight
src/pages/page07_integrated.py,15,Decision Layer — combine unsupervised structural segments with supervised salary evidence after both branches finish
src/pages/page07_integrated.py,17,07_integrated_insight/segment_salary_summary.csv
src/pages/page07_integrated.py,18,07_integrated_insight/predicted_salary_by_segment.csv
src/pages/page07_integrated.py,19,07_integrated_insight/segment_city_country_summary.csv
src/pages/page07_integrated.py,20,03_ai_job_market_segmentation/cluster_assignments.csv
src/pages/page07_integrated.py,42,mean
src/pages/page07_integrated.py,42,median
src/pages/page07_integrated.py,23,Integrated insight filters
src/pages/page07_integrated.py,25,Clusters
src/pages/page07_integrated.py,27,Countries
src/pages/page07_integrated.py,30,Job categories
src/pages/page07_integrated.py,34,Salary metric
src/pages/page07_integrated.py,36,cluster
src/pages/page07_integrated.py,36,country
src/pages/page07_integrated.py,36,job_category
src/pages/page07_integrated.py,39,No records match the selected filters.
src/pages/page07_integrated.py,42,Mean
src/pages/page07_integrated.py,68,Segment Salary
src/pages/page07_integrated.py,69,Prediction Alignment
src/pages/page07_integrated.py,70,Geography
src/pages/page07_integrated.py,71,Job-market Structure
src/pages/page07_integrated.py,72,Interactive Chart Explorer
src/pages/page07_integrated.py,73,Evidence Tables
src/pages/page07_integrated.py,94,p7_seg_salary
src/pages/page07_integrated.py,104,p7_seg_box
src/pages/page07_integrated.py,109,"Segmentation did not use salary, so this is post-hoc alignment evidence rather than a salary-driven cluster definition."
src/pages/page07_integrated.py,110,Use the spread only as descriptive market context and verify whether the same segment differences persist on future data.
src/pages/page07_integrated.py,111,warning
src/pages/page07_integrated.py,133,p7_actual_pred
src/pages/page07_integrated.py,142,p7_seg_mae
src/pages/page07_integrated.py,144,Segment labels are not fed into the salary model. Integration happens only after unsupervised and supervised branches have completed independently.
src/pages/page07_integrated.py,163,cluster_label
src/pages/page07_integrated.py,163,Cluster 
src/pages/page07_integrated.py,175,p7_country_map
src/pages/page07_integrated.py,181,Top cities by record volume
src/pages/page07_integrated.py,182,records
src/pages/page07_integrated.py,195,p7_city
src/pages/page07_integrated.py,253,### Interactive Chart Explorer
src/pages/page07_integrated.py,256,Choose market view
src/pages/page07_integrated.py,265,p7_chart
src/pages/page07_integrated.py,267,Salary by cluster
src/pages/page07_integrated.py,342,p7_explorer
src/pages/page07_integrated.py,346,The interactive explorer is designed to test whether a narrative is robust to alternative market views.
src/pages/page07_integrated.py,347,"If a conclusion only appears in one chart but disappears under related views or filters, report it as exploratory rather than established."
src/pages/page07_integrated.py,348,info
src/pages/page07_integrated.py,352,Segment Salary Summary
src/pages/page07_integrated.py,352,p7_seg_table
src/pages/page07_integrated.py,353,Predicted Salary by Segment
src/pages/page07_integrated.py,353,p7_pred_table
src/pages/page07_integrated.py,354,City / Country Segment Summary
src/pages/page07_integrated.py,354,p7_geo_table
src/pages/page07_integrated.py,25,p7_clusters
src/pages/page07_integrated.py,27,p7_country
src/pages/page07_integrated.py,32,p7_cat
src/pages/page07_integrated.py,34,Mean
src/pages/page07_integrated.py,34,Median
src/pages/page07_integrated.py,34,p7_metric
src/pages/page07_integrated.py,58,Segments in view
src/pages/page07_integrated.py,59,Records
src/pages/page07_integrated.py,60,Highest salary segment
src/pages/page07_integrated.py,62,Mean demand
src/pages/page07_integrated.py,80,metric
src/pages/page07_integrated.py,81,salary
src/pages/page07_integrated.py,85,cluster
src/pages/page07_integrated.py,86,salary
src/pages/page07_integrated.py,87,metric
src/pages/page07_integrated.py,88,group
src/pages/page07_integrated.py,89,salary
src/pages/page07_integrated.py,91,Observed Salary by Structural Segment
src/pages/page07_integrated.py,93,"$%{text:,.0f}"
src/pages/page07_integrated.py,93,outside
src/pages/page07_integrated.py,98,annual_salary_usd
src/pages/page07_integrated.py,100,outliers
src/pages/page07_integrated.py,101,Salary Distribution by Segment
src/pages/page07_integrated.py,108,Observed mean-salary spread across visible structural segments is 
src/pages/page07_integrated.py,108,; highest is Cluster 
src/pages/page07_integrated.py,108,.
src/pages/page07_integrated.py,119,series
src/pages/page07_integrated.py,120,salary
src/pages/page07_integrated.py,124,cluster
src/pages/page07_integrated.py,125,salary
src/pages/page07_integrated.py,126,series
src/pages/page07_integrated.py,127,group
src/pages/page07_integrated.py,128,salary
src/pages/page07_integrated.py,130,Locked-test Actual vs Predicted Mean Salary by Segment
src/pages/page07_integrated.py,132,"$%{text:,.0f}"
src/pages/page07_integrated.py,132,outside
src/pages/page07_integrated.py,135,MAE
src/pages/page07_integrated.py,136,cluster
src/pages/page07_integrated.py,137,MAE
src/pages/page07_integrated.py,138,MAE
src/pages/page07_integrated.py,139,Locked-test MAE by Segment
src/pages/page07_integrated.py,141,"$%{text:,.0f}"
src/pages/page07_integrated.py,141,outside
src/pages/page07_integrated.py,152,Prediction error varies across structural segments even though cluster labels are not model inputs; the pattern can reveal heterogeneity that global metrics hide.
src/pages/page07_integrated.py,153,"Monitor segment-level error as a diagnostic, but do not feed cluster labels back into the salary model unless an explicit ablation proves stable improvement."
src/pages/page07_integrated.py,154,warning
src/pages/page07_integrated.py,166,country
src/pages/page07_integrated.py,167,country names
src/pages/page07_integrated.py,168,records
src/pages/page07_integrated.py,169,cluster_label
src/pages/page07_integrated.py,170,country
src/pages/page07_integrated.py,172,natural earth
src/pages/page07_integrated.py,173,Country Footprint by Segment
src/pages/page07_integrated.py,181,p7_city_topn
src/pages/page07_integrated.py,185,records
src/pages/page07_integrated.py,186,salary_mean
src/pages/page07_integrated.py,187,records
src/pages/page07_integrated.py,189,city
src/pages/page07_integrated.py,191,City Volume vs Mean Salary
src/pages/page07_integrated.py,194,top center
src/pages/page07_integrated.py,201,"High-volume locations can dominate aggregate segment profiles, so geography should be checked before generalizing segment behavior."
src/pages/page07_integrated.py,202,Compare country/city mix with job-domain composition to distinguish geographic concentration from genuine structural segmentation.
src/pages/page07_integrated.py,203,info
src/pages/page07_integrated.py,219,p7_domain_mix
src/pages/page07_integrated.py,241,p7_market_profile
src/pages/page07_integrated.py,247,"Integrated profiles combine independent Branch-A structure with observed market descriptors; these are segment characteristics, not treatment effects."
src/pages/page07_integrated.py,248,"Use them to create descriptive segment labels only after checking skills, company and geography views for consistency."
src/pages/page07_integrated.py,249,info
src/pages/page07_integrated.py,258,Salary by cluster
src/pages/page07_integrated.py,259,Salary by country
src/pages/page07_integrated.py,260,Salary by job category
src/pages/page07_integrated.py,261,Demand vs salary
src/pages/page07_integrated.py,262,Experience vs salary
src/pages/page07_integrated.py,263,Cluster composition by remote work
src/pages/page07_integrated.py,277,Salary by country
src/pages/page07_integrated.py,345,Explorer view '
src/pages/page07_integrated.py,345,' uses 
src/pages/page07_integrated.py,345, filtered records across 
src/pages/page07_integrated.py,345, cluster(s).
src/pages/page07_integrated.py,54,salary_
src/pages/page07_integrated.py,60,Cluster 
src/pages/page07_integrated.py,61,Highest 
src/pages/page07_integrated.py,61, salary
src/pages/page07_integrated.py,78,cluster
src/pages/page07_integrated.py,78,records
src/pages/page07_integrated.py,79,salary_mean
src/pages/page07_integrated.py,79,salary_median
src/pages/page07_integrated.py,90,records
src/pages/page07_integrated.py,102,x
src/pages/page07_integrated.py,102,color
src/pages/page07_integrated.py,102,Cluster
src/pages/page07_integrated.py,102,Cluster
src/pages/page07_integrated.py,117,cluster
src/pages/page07_integrated.py,117,records
src/pages/page07_integrated.py,117,MAE
src/pages/page07_integrated.py,118,actual_salary_mean
src/pages/page07_integrated.py,118,predicted_salary_mean
src/pages/page07_integrated.py,129,MAE
src/pages/page07_integrated.py,129,records
src/pages/page07_integrated.py,151,Locked-test segment MAE ranges from 
src/pages/page07_integrated.py,151, (C
src/pages/page07_integrated.py,151,) to 
src/pages/page07_integrated.py,151, (C
src/pages/page07_integrated.py,151,).
src/pages/page07_integrated.py,171,salary_mean
src/pages/page07_integrated.py,171,records
src/pages/page07_integrated.py,171,":,.0f"
src/pages/page07_integrated.py,190,country
src/pages/page07_integrated.py,192,color
src/pages/page07_integrated.py,192,salary_mean
src/pages/page07_integrated.py,192,Cluster
src/pages/page07_integrated.py,192,Mean salary (USD)
src/pages/page07_integrated.py,200,Largest city footprint in the current filters is 
src/pages/page07_integrated.py,200,", "
src/pages/page07_integrated.py,200, with 
src/pages/page07_integrated.py,200, records and mean salary 
src/pages/page07_integrated.py,200,.
src/pages/page07_integrated.py,212,job_category
src/pages/page07_integrated.py,213,records
src/pages/page07_integrated.py,215,stack
src/pages/page07_integrated.py,216,Job Domain Mix by Segment
src/pages/page07_integrated.py,230,metric
src/pages/page07_integrated.py,230,value
src/pages/page07_integrated.py,233,cluster
src/pages/page07_integrated.py,234,value
src/pages/page07_integrated.py,235,metric
src/pages/page07_integrated.py,236,group
src/pages/page07_integrated.py,237,value
src/pages/page07_integrated.py,238,Demand / Benefits / Experience Profile
src/pages/page07_integrated.py,240,%{text:.1f}
src/pages/page07_integrated.py,240,outside
src/pages/page07_integrated.py,246,Cluster 
src/pages/page07_integrated.py,246, has the highest mean demand score (
src/pages/page07_integrated.py,246,) in the current view.
src/pages/page07_integrated.py,271,cluster
src/pages/page07_integrated.py,272,annual_salary_usd
src/pages/page07_integrated.py,273,annual_salary_usd
src/pages/page07_integrated.py,274,Mean Salary by Cluster
src/pages/page07_integrated.py,276,"$%{text:,.0f}"
src/pages/page07_integrated.py,276,outside
src/pages/page07_integrated.py,282,salary
src/pages/page07_integrated.py,294,Salary by job category
src/pages/page07_integrated.py,44,cluster
src/pages/page07_integrated.py,46,annual_salary_usd
src/pages/page07_integrated.py,46,size
src/pages/page07_integrated.py,47,annual_salary_usd
src/pages/page07_integrated.py,47,mean
src/pages/page07_integrated.py,48,annual_salary_usd
src/pages/page07_integrated.py,48,median
src/pages/page07_integrated.py,49,years_of_experience
src/pages/page07_integrated.py,49,mean
src/pages/page07_integrated.py,50,demand_score
src/pages/page07_integrated.py,50,mean
src/pages/page07_integrated.py,147,MAE
src/pages/page07_integrated.py,148,MAE
src/pages/page07_integrated.py,197,records
src/pages/page07_integrated.py,209,records
src/pages/page07_integrated.py,217,color
src/pages/page07_integrated.py,217,Cluster
src/pages/page07_integrated.py,230,cluster
src/pages/page07_integrated.py,243,demand_mean
src/pages/page07_integrated.py,286,country
src/pages/page07_integrated.py,287,salary
src/pages/page07_integrated.py,288,h
src/pages/page07_integrated.py,289,salary
src/pages/page07_integrated.py,291,Mean Salary by Country
src/pages/page07_integrated.py,293,"$%{text:,.0f}"
src/pages/page07_integrated.py,293,outside
src/pages/page07_integrated.py,299,salary
src/pages/page07_integrated.py,311,Demand vs salary
src/pages/page07_integrated.py,345,","
src/pages/page07_integrated.py,59,","
src/pages/page07_integrated.py,61,salary_
src/pages/page07_integrated.py,62,.1f
src/pages/page07_integrated.py,160,annual_salary_usd
src/pages/page07_integrated.py,160,size
src/pages/page07_integrated.py,160,annual_salary_usd
src/pages/page07_integrated.py,160,mean
src/pages/page07_integrated.py,178,annual_salary_usd
src/pages/page07_integrated.py,178,size
src/pages/page07_integrated.py,178,annual_salary_usd
src/pages/page07_integrated.py,178,mean
src/pages/page07_integrated.py,246,.1f
src/pages/page07_integrated.py,290,records
src/pages/page07_integrated.py,303,job_category
src/pages/page07_integrated.py,304,salary
src/pages/page07_integrated.py,305,h
src/pages/page07_integrated.py,306,salary
src/pages/page07_integrated.py,308,Mean Salary by Job Category
src/pages/page07_integrated.py,310,"$%{text:,.0f}"
src/pages/page07_integrated.py,310,outside
src/pages/page07_integrated.py,321,Experience vs salary
src/pages/page07_integrated.py,159,cluster
src/pages/page07_integrated.py,159,country
src/pages/page07_integrated.py,177,cluster
src/pages/page07_integrated.py,177,country
src/pages/page07_integrated.py,177,city
src/pages/page07_integrated.py,222,cluster
src/pages/page07_integrated.py,224,demand_score
src/pages/page07_integrated.py,224,mean
src/pages/page07_integrated.py,225,benefits_score_10
src/pages/page07_integrated.py,225,mean
src/pages/page07_integrated.py,226,years_of_experience
src/pages/page07_integrated.py,226,mean
src/pages/page07_integrated.py,307,records
src/pages/page07_integrated.py,314,demand_score
src/pages/page07_integrated.py,315,annual_salary_usd
src/pages/page07_integrated.py,318,Demand Score vs Salary
src/pages/page07_integrated.py,268,cluster
src/pages/page07_integrated.py,317,job_title
src/pages/page07_integrated.py,317,job_category
src/pages/page07_integrated.py,317,country
src/pages/page07_integrated.py,319,color
src/pages/page07_integrated.py,319,Cluster
src/pages/page07_integrated.py,324,years_of_experience
src/pages/page07_integrated.py,325,annual_salary_usd
src/pages/page07_integrated.py,328,Experience vs Salary
src/pages/page07_integrated.py,335,cluster
src/pages/page07_integrated.py,336,records
src/pages/page07_integrated.py,337,remote_work
src/pages/page07_integrated.py,338,stack
src/pages/page07_integrated.py,339,records
src/pages/page07_integrated.py,340,Remote-work Mix by Cluster
src/pages/page07_integrated.py,108,salary_mean
src/pages/page07_integrated.py,327,job_title
src/pages/page07_integrated.py,327,job_category
src/pages/page07_integrated.py,327,country
src/pages/page07_integrated.py,329,color
src/pages/page07_integrated.py,329,Cluster
src/pages/page07_integrated.py,332,records
src/pages/page07_integrated.py,209,cluster
src/pages/page07_integrated.py,209,job_category
src/pages/page07_integrated.py,279,country
src/pages/page07_integrated.py,280,annual_salary_usd
src/pages/page07_integrated.py,280,mean
src/pages/page07_integrated.py,280,annual_salary_usd
src/pages/page07_integrated.py,280,size
src/pages/page07_integrated.py,296,job_category
src/pages/page07_integrated.py,297,annual_salary_usd
src/pages/page07_integrated.py,297,mean
src/pages/page07_integrated.py,297,annual_salary_usd
src/pages/page07_integrated.py,297,size
src/pages/page07_integrated.py,332,cluster
src/pages/page07_integrated.py,332,remote_work
src/pages/page08_full_pipeline.py,13,admin
src/pages/page08_full_pipeline.py,15,8. Full Pipeline
src/pages/page08_full_pipeline.py,17,"End-to-end workflow status, provenance, pipeline diagrams, active-run audit and new-dataset processing contract"
src/pages/page08_full_pipeline.py,19,08_full_pipeline/pipeline_status.csv
src/pages/page08_full_pipeline.py,20,08_full_pipeline/run_summary.json
src/pages/page08_full_pipeline.py,21,segmentation
src/pages/page08_full_pipeline.py,35,"All numbers on the dashboard are read from this active workspace. Switching to a processed upload changes charts, tables and commentary together."
src/pages/page08_full_pipeline.py,36,Use the sidebar Data source control to validate and run a new schema-compatible CSV in an isolated workspace.
src/pages/page08_full_pipeline.py,37,success
src/pages/page08_full_pipeline.py,34,Active run processes 
src/pages/page08_full_pipeline.py,34," source records through Common Foundation, Branch A and Branch B. Segmentation selected "
src/pages/page08_full_pipeline.py,34, K=
src/pages/page08_full_pipeline.py,34, with silhouette 
src/pages/page08_full_pipeline.py,34,; salary model is 
src/pages/page08_full_pipeline.py,34,.
src/pages/page08_full_pipeline.py,42,Overall Pipeline
src/pages/page08_full_pipeline.py,43,Branch A · Segmentation
src/pages/page08_full_pipeline.py,44,Branch B · Prediction
src/pages/page08_full_pipeline.py,45,Stage Status & Artifacts
src/pages/page08_full_pipeline.py,46,New-dataset Processing
src/pages/page08_full_pipeline.py,47,Provenance
src/pages/page08_full_pipeline.py,51,docs/pipelines/Pipeline_AI-salary-overall.png
src/pages/page08_full_pipeline.py,58,"
        **Presentation order used in this release**
        1. Data Basic Clean — Stage 1 to Stage 3  
        2. Data Ready for ML — Stage 4, Stage 5 and B1–B3  
        3. AI Job Market Segmentation — Branch A A1–A8  
        4. Model Comparison — Branch B B4  
        5. Best Model & Importance — Branch B B5–B6  
        6. Salary Prediction — Branch B B7 / Streamlit inference  
        7. Integrated Market Insight — post-hoc decision layer  
        8. Full Pipeline — audit, provenance and new-data gate
        "
src/pages/page08_full_pipeline.py,71,The Streamlit order mirrors the technical design rather than the physical order of source files.
src/pages/page08_full_pipeline.py,72,"This keeps data-quality evidence before feature governance, separates unsupervised and supervised branches, and only integrates insights after both branches finish."
src/pages/page08_full_pipeline.py,73,Follow the numbered pages in sequence when presenting the project.
src/pages/page08_full_pipeline.py,74,info
src/pages/page08_full_pipeline.py,78,docs/pipelines/Pipeline_AI-salary-segmentation.png
src/pages/page08_full_pipeline.py,81,03_ai_job_market_segmentation/k_selection_rationale.json
src/pages/page08_full_pipeline.py,85,"K is selected from K=2…8 using stability/balance gates, silhouette as the primary metric, and a parsimonious tie-break. Salary is excluded from the clustering matrix."
src/pages/page08_full_pipeline.py,86,Open Page 3 → How K is Selected to inspect every candidate and alternative K without refitting.
src/pages/page08_full_pipeline.py,87,success
src/pages/page08_full_pipeline.py,91,docs/pipelines/Pipeline_AI-salary-prediction.png
src/pages/page08_full_pipeline.py,94,MAE_mean
src/pages/page08_full_pipeline.py,95,05_best_model/locked_test_metrics.json
src/pages/page08_full_pipeline.py,100,"Branch B keeps preprocessing inside each fold, tunes only on DEV, opens the future test once, and serializes preprocessing+model together."
src/pages/page08_full_pipeline.py,101,"Use model comparison, feature-family ablation, importance drift and subgroup error evidence together before interpreting the selected model."
src/pages/page08_full_pipeline.py,102,warning
src/pages/page08_full_pipeline.py,117,p8_status
src/pages/page08_full_pipeline.py,120,Inspect stage artifact
src/pages/page08_full_pipeline.py,128,A stage is considered complete only when its evidence artifact exists; Streamlit charts consume those persisted outputs rather than fitting models inside analysis pages.
src/pages/page08_full_pipeline.py,129,"If a stage artifact is missing or stale, rerun the full pipeline from the sidebar upload/process control or command line."
src/pages/page08_full_pipeline.py,134,### Upload → Schema Gate → Full Processing
src/pages/page08_full_pipeline.py,136,Use **Sidebar → Data source → Upload & process a new dataset**. The Process button is enabled only when the blocking schema checks pass.
src/pages/page08_full_pipeline.py,140,"
        **Blocking checks before Process is enabled**
        - all 25 raw source fields are present (`job_category` is accepted as an alias for raw `AI Engineering`);
        - salary target and time fields are parseable and non-missing;
        - `posting_month` is between 1 and 12;
        - at least three monthly periods exist for temporal validation.

        **Warnings that do not block processing**
        - extra columns (ignored by the canonical contract);
        - duplicate rows / IDs;
        - hidden-missing text;
        - small sample size.

        A valid upload is saved under `runs/<run_id>/data/raw/`, then the *same* `run_pipeline()` executes Common Foundation, Branch A, Branch B, bundle serialization and integrated outputs. Baseline outputs are never overwritten.
        "
src/pages/page08_full_pipeline.py,157,New-data processing is isolated by run ID; the dashboard then switches its evidence root to that run.
src/pages/page08_full_pipeline.py,158,This preserves provenance and prevents one exploratory upload from silently replacing the baseline release.
src/pages/page08_full_pipeline.py,159,"After processing, review Page 1 onward because every data-dependent conclusion—including selected K and best salary model—may change."
src/pages/page08_full_pipeline.py,160,info
src/pages/page08_full_pipeline.py,164,### Reproducibility & provenance
src/pages/page08_full_pipeline.py,180,### Scientific-use boundary
src/pages/page08_full_pipeline.py,182,"The source dataset may contain strong logical/synthetic artifacts. This project demonstrates data-quality-first ML systems design, segmentation and temporal regression; it does not establish causal real-world salary economics."
src/pages/page08_full_pipeline.py,187,The hash and run workspace make it possible to trace dashboard evidence back to the exact input file and environment version.
src/pages/page08_full_pipeline.py,188,Keep the run summary and artifact bundle together when sharing or grading the project.
src/pages/page08_full_pipeline.py,189,info
src/pages/page08_full_pipeline.py,25,Run ID
src/pages/page08_full_pipeline.py,26,Raw shape
src/pages/page08_full_pipeline.py,27,Basic-clean shape
src/pages/page08_full_pipeline.py,28,Segmentation
src/pages/page08_full_pipeline.py,29,Best salary model
src/pages/page08_full_pipeline.py,84,Official segmentation: 
src/pages/page08_full_pipeline.py,84, K=
src/pages/page08_full_pipeline.py,84,", silhouette "
src/pages/page08_full_pipeline.py,84,", stability ARI "
src/pages/page08_full_pipeline.py,84,", minimum cluster share "
src/pages/page08_full_pipeline.py,84,.
src/pages/page08_full_pipeline.py,99, wins expanding temporal CV at 
src/pages/page08_full_pipeline.py,99, mean MAE. Frozen locked-test performance is MAE 
src/pages/page08_full_pipeline.py,99,", RMSE "
src/pages/page08_full_pipeline.py,99,", R² "
src/pages/page08_full_pipeline.py,99,.
src/pages/page08_full_pipeline.py,108,order
src/pages/page08_full_pipeline.py,110,status
src/pages/page08_full_pipeline.py,112,stage
src/pages/page08_full_pipeline.py,113,Pipeline Stage Completion
src/pages/page08_full_pipeline.py,116,inside
src/pages/page08_full_pipeline.py,118,stretch
src/pages/page08_full_pipeline.py,120,p8_artifact_stage
src/pages/page08_full_pipeline.py,127,/
src/pages/page08_full_pipeline.py,127, workflow checkpoints are marked PASS in the active run.
src/pages/page08_full_pipeline.py,130,success
src/pages/page08_full_pipeline.py,130,error
src/pages/page08_full_pipeline.py,138,required_column
src/pages/page08_full_pipeline.py,139,stretch
src/pages/page08_full_pipeline.py,186,Run source SHA-256 starts with 
src/pages/page08_full_pipeline.py,186,… and was created 
src/pages/page08_full_pipeline.py,186,.
src/pages/page08_full_pipeline.py,25,run_id
src/pages/page08_full_pipeline.py,26, × 
src/pages/page08_full_pipeline.py,27, × 
src/pages/page08_full_pipeline.py,28, K=
src/pages/page08_full_pipeline.py,29,best_model
src/pages/page08_full_pipeline.py,34,","
src/pages/page08_full_pipeline.py,34,algorithm
src/pages/page08_full_pipeline.py,34,k
src/pages/page08_full_pipeline.py,34,silhouette
src/pages/page08_full_pipeline.py,34,.3f
src/pages/page08_full_pipeline.py,34,best_model
src/pages/page08_full_pipeline.py,55,Integrated AI Job Market Segmentation + Salary Prediction Pipeline
src/pages/page08_full_pipeline.py,56,stretch
src/pages/page08_full_pipeline.py,80,Branch A — AI Job Market Segmentation
src/pages/page08_full_pipeline.py,80,stretch
src/pages/page08_full_pipeline.py,93,Branch B — Salary Prediction
src/pages/page08_full_pipeline.py,93,stretch
src/pages/page08_full_pipeline.py,94,04_model_comparison/model_comparison.csv
src/pages/page08_full_pipeline.py,111,stage
src/pages/page08_full_pipeline.py,111,artifact
src/pages/page08_full_pipeline.py,34,raw_shape
src/pages/page08_full_pipeline.py,84,selected_algorithm
src/pages/page08_full_pipeline.py,84,selected_k
src/pages/page08_full_pipeline.py,84,selected_silhouette
src/pages/page08_full_pipeline.py,84,.3f
src/pages/page08_full_pipeline.py,84,selected_stability_ari
src/pages/page08_full_pipeline.py,84,.3f
src/pages/page08_full_pipeline.py,84,selected_min_cluster_share
src/pages/page08_full_pipeline.py,84,.1%
src/pages/page08_full_pipeline.py,99,R2
src/pages/page08_full_pipeline.py,99,.3f
src/pages/page08_full_pipeline.py,124,PASS
src/pages/page08_full_pipeline.py,169,source_file
src/pages/page08_full_pipeline.py,170,source_sha256
src/pages/page08_full_pipeline.py,171,workspace_root
src/pages/page08_full_pipeline.py,172,created_utc
src/pages/page08_full_pipeline.py,173,python
src/pages/page08_full_pipeline.py,174,pandas
src/pages/page08_full_pipeline.py,175,numpy
src/pages/page08_full_pipeline.py,176,scikit_learn
src/pages/page08_full_pipeline.py,186,created_utc
src/pages/page08_full_pipeline.py,28,algorithm
src/pages/page08_full_pipeline.py,28,k
src/pages/page08_full_pipeline.py,99,MAE
src/pages/page08_full_pipeline.py,99,RMSE
src/pages/page08_full_pipeline.py,186,source_sha256
src/pages/page08_full_pipeline.py,26,raw_shape
src/pages/page08_full_pipeline.py,26,raw_shape
src/pages/page08_full_pipeline.py,27,clean_shape
src/pages/page08_full_pipeline.py,27,clean_shape
src/pages/training_validation_presentation.py,22,^tv-[0-9a-f]{32}$
src/pages/training_validation_presentation.py,23,^\d{4}-\d{2}-\d{2}T\d{2}:\d{2}:\d{2}(?:\.\d+)?Z$
src/pages/training_validation_presentation.py,29,Dummy Median
src/pages/training_validation_presentation.py,30,Linear Regression
src/pages/training_validation_presentation.py,31,Ridge Regression
src/pages/training_validation_presentation.py,32,Random Forest
src/pages/training_validation_presentation.py,33,Gradient Boosting
src/pages/training_validation_presentation.py,35,final_full
src/pages/training_validation_presentation.py,35,final_top2
src/pages/training_validation_presentation.py,41,available
src/pages/training_validation_presentation.py,42,reason_code
src/pages/training_validation_presentation.py,43,message
src/pages/training_validation_presentation.py,44,invalid_candidate_count
src/pages/training_validation_presentation.py,45,invalid_candidates
src/pages/training_validation_presentation.py,46,inspect_command
src/pages/training_validation_presentation.py,50,next_action
src/pages/training_validation_presentation.py,54,fallback_used
src/pages/training_validation_presentation.py,47,.venv/bin/python training_validation.py inspect --workspace . --policy config/training_validation.json
src/pages/training_validation_presentation.py,51,Obtain eligible future prepared data and exact partition/exposure approval before an offline run.
src/pages/training_validation_presentation.py,130,available
src/pages/training_validation_presentation.py,131,run_id
src/pages/training_validation_presentation.py,132,generated_at
src/pages/training_validation_presentation.py,133,manifest
src/pages/training_validation_presentation.py,134,manifest_path
src/pages/training_validation_presentation.py,135,manifest_sha256
src/pages/training_validation_presentation.py,136,invalid_candidate_count
src/pages/training_validation_presentation.py,137,invalid_candidates
src/pages/training_validation_presentation.py,138,fallback_used
src/pages/training_validation_presentation.py,175,record_kind
src/pages/training_validation_presentation.py,176,stage
src/pages/training_validation_presentation.py,177,step
src/pages/training_validation_presentation.py,178,source_file
src/pages/training_validation_presentation.py,179,evidence_ref
src/pages/training_validation_presentation.py,175,evidence_derived
src/pages/training_validation_presentation.py,355,final_variants
src/pages/training_validation_presentation.py,467,sequence
src/pages/training_validation_presentation.py,476,manifest
src/pages/training_validation_presentation.py,478,partition_declaration.json
src/pages/training_validation_presentation.py,479,partition_membership.csv
src/pages/training_validation_presentation.py,480,fold_summary.csv
src/pages/training_validation_presentation.py,481,monthly_row_counts.csv
src/pages/training_validation_presentation.py,482,candidate_summary.csv
src/pages/training_validation_presentation.py,483,candidate_fold_metrics.csv
src/pages/training_validation_presentation.py,484,fit_diagnostics.csv
src/pages/training_validation_presentation.py,485,runtime_summary.csv
src/pages/training_validation_presentation.py,486,performance_comparison.csv
src/pages/training_validation_presentation.py,487,accuracy_runtime_tradeoff.csv
src/pages/training_validation_presentation.py,488,family_selection.json
src/pages/training_validation_presentation.py,489,model_conclusions.json
src/pages/training_validation_presentation.py,490,tuning_trials.csv
src/pages/training_validation_presentation.py,491,tuning_summary.json
src/pages/training_validation_presentation.py,492,variant_fold_metrics.csv
src/pages/training_validation_presentation.py,493,evaluation_declaration.json
src/pages/training_validation_presentation.py,494,holdout_metrics.csv
src/pages/training_validation_presentation.py,495,holdout_predictions.csv
src/pages/training_validation_presentation.py,496,encoded_importance.csv
src/pages/training_validation_presentation.py,497,permutation_importance.csv
src/pages/training_validation_presentation.py,498,subgroup_metrics.csv
src/pages/training_validation_presentation.py,499,uncertainty.json
src/pages/training_validation_presentation.py,500,operational_assessment.json
src/pages/training_validation_presentation.py,501,conclusion.json
src/pages/training_validation_presentation.py,502,agent_summary.json
src/pages/training_validation_presentation.py,503,ui_summary.json
src/pages/training_validation_presentation.py,515,partition_membership.csv
src/pages/training_validation_presentation.py,518,TRAIN
src/pages/training_validation_presentation.py,518,EVALUATION_HOLDOUT
src/pages/training_validation_presentation.py,518,INFERENCE_RESERVE
src/pages/training_validation_presentation.py,527,monthly_row_counts.csv
src/pages/training_validation_presentation.py,532,fold_summary.csv
src/pages/training_validation_presentation.py,549,candidate_summary.csv
src/pages/training_validation_presentation.py,552,candidate_fold_metrics.csv
src/pages/training_validation_presentation.py,558,variant_fold_metrics.csv
src/pages/training_validation_presentation.py,566,holdout_metrics.csv
src/pages/training_validation_presentation.py,664,model
src/pages/training_validation_presentation.py,667,page04
src/pages/training_validation_presentation.py,682,page05
src/pages/training_validation_presentation.py,696,transcript
src/pages/training_validation_presentation.py,697,transcript_preview
src/pages/training_validation_presentation.py,698,raw_log_preview
src/pages/training_validation_presentation.py,699,event_preview
src/pages/training_validation_presentation.py,700,report_preview
src/pages/training_validation_presentation.py,701,downloads
src/pages/training_validation_presentation.py,723,operation
src/pages/training_validation_presentation.py,723,status
src/pages/training_validation_presentation.py,723,model
src/pages/training_validation_presentation.py,726,started
src/pages/training_validation_presentation.py,726,completed
src/pages/training_validation_presentation.py,727,_operation_order
src/pages/training_validation_presentation.py,728,_status_order
src/pages/training_validation_presentation.py,731,_model_order
src/pages/training_validation_presentation.py,732,_operation_order
src/pages/training_validation_presentation.py,732,_status_order
src/pages/training_validation_presentation.py,732,_model_order
src/pages/training_validation_presentation.py,733,sequence
src/pages/training_validation_presentation.py,745,Training logs
src/pages/training_validation_presentation.py,61,manifest generated_at must be a strict UTC timestamp
src/pages/training_validation_presentation.py,62,Z
src/pages/training_validation_presentation.py,62,+00:00
src/pages/training_validation_presentation.py,64,manifest generated_at must include UTC
src/pages/training_validation_presentation.py,74,outputs/training_validation
src/pages/training_validation_presentation.py,81,PACK_ROOT_MISSING
src/pages/training_validation_presentation.py,81,No offline training-validation pack has been published.
src/pages/training_validation_presentation.py,90,PACK_LIMIT_EXCEEDED
src/pages/training_validation_presentation.py,94,NO_FINAL_PACK
src/pages/training_validation_presentation.py,94,No immutable final training-validation run exists.
src/pages/training_validation_presentation.py,122,NO_VALID_PACK
src/pages/training_validation_presentation.py,123,No complete training-validation pack passed the integrity and format checks.
src/pages/training_validation_presentation.py,132,+00:00
src/pages/training_validation_presentation.py,132,Z
src/pages/training_validation_presentation.py,150,path
src/pages/training_validation_presentation.py,179,evidence_ref
src/pages/training_validation_presentation.py,207,partition
src/pages/training_validation_presentation.py,208,Approved chronological partition
src/pages/training_validation_presentation.py,209,partition_declaration.json
src/pages/training_validation_presentation.py,288,selection
src/pages/training_validation_presentation.py,289,Freeze candidate-family selection
src/pages/training_validation_presentation.py,290,family_selection.json
src/pages/training_validation_presentation.py,316,search_id
src/pages/training_validation_presentation.py,316,trial_ordinal
src/pages/training_validation_presentation.py,316,trial_id
src/pages/training_validation_presentation.py,316,status
src/pages/training_validation_presentation.py,400,Encoded estimator importance
src/pages/training_validation_presentation.py,400,encoded_importance.csv
src/pages/training_validation_presentation.py,401,Permutation MAE importance
src/pages/training_validation_presentation.py,401,permutation_importance.csv
src/pages/training_validation_presentation.py,402,Support-flagged subgroup metrics
src/pages/training_validation_presentation.py,402,subgroup_metrics.csv
src/pages/training_validation_presentation.py,447,operational
src/pages/training_validation_presentation.py,448,Record non-activating operational assessment
src/pages/training_validation_presentation.py,449,operational_assessment.json
src/pages/training_validation_presentation.py,457,publication
src/pages/training_validation_presentation.py,458,Publish complete immutable evidence pack
src/pages/training_validation_presentation.py,459,conclusion.json
src/pages/training_validation_presentation.py,473,available
src/pages/training_validation_presentation.py,506,partition_declaration.json
src/pages/training_validation_presentation.py,507,evaluation_declaration.json
src/pages/training_validation_presentation.py,508,agent_summary.json
src/pages/training_validation_presentation.py,509,ui_summary.json
src/pages/training_validation_presentation.py,516,row_id
src/pages/training_validation_presentation.py,516,source_position
src/pages/training_validation_presentation.py,516,period
src/pages/training_validation_presentation.py,516,partition
src/pages/training_validation_presentation.py,520,partition membership must contain only the three declared roles
src/pages/training_validation_presentation.py,524,partition declaration counts do not reconcile with membership
src/pages/training_validation_presentation.py,526,partition membership contains duplicate row identities
src/pages/training_validation_presentation.py,527,period
src/pages/training_validation_presentation.py,527,partition
src/pages/training_validation_presentation.py,527,row_count
src/pages/training_validation_presentation.py,530,monthly row counts do not reconcile with partition membership
src/pages/training_validation_presentation.py,532,fold_id
src/pages/training_validation_presentation.py,532,scope
src/pages/training_validation_presentation.py,532,parent_fold_id
src/pages/training_validation_presentation.py,532,ordinal
src/pages/training_validation_presentation.py,532,parent_population_rows
src/pages/training_validation_presentation.py,532,train_period_min
src/pages/training_validation_presentation.py,532,train_period_max
src/pages/training_validation_presentation.py,532,validation_period_min
src/pages/training_validation_presentation.py,532,train_rows
src/pages/training_validation_presentation.py,532,validation_rows
src/pages/training_validation_presentation.py,532,not_used_yet_rows
src/pages/training_validation_presentation.py,532,holdout_rows_excluded
src/pages/training_validation_presentation.py,532,reserve_rows_excluded
src/pages/training_validation_presentation.py,532,chronological_order_ok
src/pages/training_validation_presentation.py,536,fold_summary.csv must contain five outer and 18 inner folds
src/pages/training_validation_presentation.py,537,outer-
src/pages/training_validation_presentation.py,539,outer fold identities are incomplete
src/pages/training_validation_presentation.py,540,final-train
src/pages/training_validation_presentation.py,543,inner folds must contain three rows for each declared parent
src/pages/training_validation_presentation.py,549,model
src/pages/training_validation_presentation.py,549,configuration_id
src/pages/training_validation_presentation.py,549,cv_mae_mean_usd
src/pages/training_validation_presentation.py,549,cv_rmse_mean_usd
src/pages/training_validation_presentation.py,549,cv_medae_mean_usd
src/pages/training_validation_presentation.py,549,cv_r2_mean
src/pages/training_validation_presentation.py,549,total_cv_fit_wall_s
src/pages/training_validation_presentation.py,551,candidate_summary.csv must contain exactly five candidate roles
src/pages/training_validation_presentation.py,552,model
src/pages/training_validation_presentation.py,552,configuration_id
src/pages/training_validation_presentation.py,552,fold_id
src/pages/training_validation_presentation.py,552,fold_ordinal
src/pages/training_validation_presentation.py,552,train_rows
src/pages/training_validation_presentation.py,552,validation_rows
src/pages/training_validation_presentation.py,552,train_MAE
src/pages/training_validation_presentation.py,552,validation_MAE
src/pages/training_validation_presentation.py,552,validation_RMSE
src/pages/training_validation_presentation.py,552,validation_MedAE
src/pages/training_validation_presentation.py,552,validation_R2
src/pages/training_validation_presentation.py,552,fit_wall_s
src/pages/training_validation_presentation.py,554,candidate fold evidence must contain five models by five folds
src/pages/training_validation_presentation.py,557,candidate fold identities are incomplete or duplicated
src/pages/training_validation_presentation.py,558,fold_id
src/pages/training_validation_presentation.py,558,variant
src/pages/training_validation_presentation.py,558,validation_MAE
src/pages/training_validation_presentation.py,558,validation_RMSE
src/pages/training_validation_presentation.py,558,validation_MedAE
src/pages/training_validation_presentation.py,558,validation_R2
src/pages/training_validation_presentation.py,560,variant fold evidence must contain paired Full/Top-2 folds
src/pages/training_validation_presentation.py,563,variant fold identities are incomplete or duplicated
src/pages/training_validation_presentation.py,565,tuning summary must contain five outer and one final TRAIN context
src/pages/training_validation_presentation.py,566,model_role_id
src/pages/training_validation_presentation.py,566,partition
src/pages/training_validation_presentation.py,566,rows
src/pages/training_validation_presentation.py,566,MAE
src/pages/training_validation_presentation.py,566,RMSE
src/pages/training_validation_presentation.py,566,MedAE
src/pages/training_validation_presentation.py,566,R2
src/pages/training_validation_presentation.py,568,holdout metrics must contain all seven model roles
src/pages/training_validation_presentation.py,569,EVALUATION_HOLDOUT
src/pages/training_validation_presentation.py,570,holdout metrics must contain EVALUATION_HOLDOUT only; reserve metrics are forbidden
src/pages/training_validation_presentation.py,571,partition
src/pages/training_validation_presentation.py,572,holdout predictions must exclude inference reserve
src/pages/training_validation_presentation.py,574,holdout predictions must contain all seven model roles
src/pages/training_validation_presentation.py,577,candidate metric evidence contains non-finite required values
src/pages/training_validation_presentation.py,579,model conclusions must contain all seven model roles
src/pages/training_validation_presentation.py,636,training.log
src/pages/training_validation_presentation.py,636,text/plain
src/pages/training_validation_presentation.py,637,events.jsonl
src/pages/training_validation_presentation.py,637,application/x-ndjson
src/pages/training_validation_presentation.py,638,report.md
src/pages/training_validation_presentation.py,638,text/markdown
src/pages/training_validation_presentation.py,639,agent_summary.json
src/pages/training_validation_presentation.py,639,application/json
src/pages/training_validation_presentation.py,640,model_conclusions.json
src/pages/training_validation_presentation.py,640,application/json
src/pages/training_validation_presentation.py,654,label
src/pages/training_validation_presentation.py,655,filename
src/pages/training_validation_presentation.py,656,mime
src/pages/training_validation_presentation.py,657,content
src/pages/training_validation_presentation.py,658,source_path
src/pages/training_validation_presentation.py,659,sha256
src/pages/training_validation_presentation.py,654,Download complete evidence-derived transcript (training-validation-transcript.csv)
src/pages/training_validation_presentation.py,655,training-validation-transcript.csv
src/pages/training_validation_presentation.py,656,text/csv
src/pages/training_validation_presentation.py,668,partition
src/pages/training_validation_presentation.py,669,outer_folds
src/pages/training_validation_presentation.py,670,inner_folds
src/pages/training_validation_presentation.py,671,monthly_counts
src/pages/training_validation_presentation.py,672,candidate_summary
src/pages/training_validation_presentation.py,673,candidate_folds
src/pages/training_validation_presentation.py,674,fit_diagnostics
src/pages/training_validation_presentation.py,675,runtime_summary
src/pages/training_validation_presentation.py,676,performance
src/pages/training_validation_presentation.py,677,tradeoff
src/pages/training_validation_presentation.py,678,selection
src/pages/training_validation_presentation.py,679,fastest_fit_model
src/pages/training_validation_presentation.py,680,conclusions
src/pages/training_validation_presentation.py,683,tuning_trials
src/pages/training_validation_presentation.py,684,tuning_summary
src/pages/training_validation_presentation.py,685,variant_folds
src/pages/training_validation_presentation.py,686,holdout_metrics
src/pages/training_validation_presentation.py,687,holdout_prediction_summary
src/pages/training_validation_presentation.py,688,encoded_importance
src/pages/training_validation_presentation.py,689,permutation_importance
src/pages/training_validation_presentation.py,690,subgroups
src/pages/training_validation_presentation.py,691,uncertainty
src/pages/training_validation_presentation.py,692,operational
src/pages/training_validation_presentation.py,693,outcome
src/pages/training_validation_presentation.py,694,conclusions
src/pages/training_validation_presentation.py,714,stretch
src/pages/training_validation_presentation.py,734,sequence
src/pages/training_validation_presentation.py,746,Training log and audit downloads
src/pages/training_validation_presentation.py,752,"This audit records a historical pipeline run whose locked-test population was already scored. It is review evidence, not unseen future validation."
src/pages/training_validation_presentation.py,764,"Events are sorted by **Operation**, then **Status** (Started before Completed), then **Model**. Download the complete structured log for the original event order."
src/pages/training_validation_presentation.py,72,ROOT_MISSING
src/pages/training_validation_presentation.py,72,The selected evidence workspace is unavailable.
src/pages/training_validation_presentation.py,77,PACK_ROOT_UNSAFE
src/pages/training_validation_presentation.py,77,The training-validation evidence root is not a safe local path.
src/pages/training_validation_presentation.py,91,Training-validation discovery exceeds the 
src/pages/training_validation_presentation.py,91,-run safety limit.
src/pages/training_validation_presentation.py,143,files
src/pages/training_validation_presentation.py,149,required evidence file is missing: 
src/pages/training_validation_presentation.py,152,evidence file is unavailable or oversized: 
src/pages/training_validation_presentation.py,159,evidence table exceeds row limit: 
src/pages/training_validation_presentation.py,164,utf-8
src/pages/training_validation_presentation.py,170, is missing columns: 
src/pages/training_validation_presentation.py,210,TRAIN / EVALUATION_HOLDOUT / INFERENCE_RESERVE
src/pages/training_validation_presentation.py,211,complete
src/pages/training_validation_presentation.py,218,partition_month
src/pages/training_validation_presentation.py,219,Declare whole-month partition allocation
src/pages/training_validation_presentation.py,220,monthly_row_counts.csv
src/pages/training_validation_presentation.py,229,scope
src/pages/training_validation_presentation.py,233,Expanding monthly fold definition
src/pages/training_validation_presentation.py,234,fold_summary.csv
src/pages/training_validation_presentation.py,259,candidate_fold
src/pages/training_validation_presentation.py,260,Fit and score frozen candidate on outer fold
src/pages/training_validation_presentation.py,261,candidate_fold_metrics.csv
src/pages/training_validation_presentation.py,292,completed
src/pages/training_validation_presentation.py,303,tuning_trial
src/pages/training_validation_presentation.py,304,Tuning context result
src/pages/training_validation_presentation.py,305,tuning_summary.json
src/pages/training_validation_presentation.py,318,nonempty tuning trial evidence is missing identity columns
src/pages/training_validation_presentation.py,343,variant_fold
src/pages/training_validation_presentation.py,344,Evaluate matched Full/Top-2 variant
src/pages/training_validation_presentation.py,345,variant_fold_metrics.csv
src/pages/training_validation_presentation.py,358,final_fit
src/pages/training_validation_presentation.py,359,Fit frozen final variant on TRAIN only
src/pages/training_validation_presentation.py,360,evaluation_declaration.json
src/pages/training_validation_presentation.py,368,model_role_id
src/pages/training_validation_presentation.py,371,holdout
src/pages/training_validation_presentation.py,372,Score frozen model role once on evaluation holdout
src/pages/training_validation_presentation.py,373,holdout_metrics.csv
src/pages/training_validation_presentation.py,385,holdout_residual
src/pages/training_validation_presentation.py,386,Aggregate holdout residual and absolute-error evidence
src/pages/training_validation_presentation.py,387,holdout_predictions.csv
src/pages/training_validation_presentation.py,421,uncertainty
src/pages/training_validation_presentation.py,422,Describe same-holdout q90 error band
src/pages/training_validation_presentation.py,423,uncertainty.json
src/pages/training_validation_presentation.py,433,conclusion
src/pages/training_validation_presentation.py,434,Record scoped model conclusion
src/pages/training_validation_presentation.py,435,model_conclusions.json
src/pages/training_validation_presentation.py,511,run_id
src/pages/training_validation_presentation.py,511,run_id
src/pages/training_validation_presentation.py,519,partition
src/pages/training_validation_presentation.py,538,fold_id
src/pages/training_validation_presentation.py,546,fold row counts do not reconcile with the parent population
src/pages/training_validation_presentation.py,548,fold exclusions do not reconcile with protected partitions
src/pages/training_validation_presentation.py,555,model
src/pages/training_validation_presentation.py,555,fold_id
src/pages/training_validation_presentation.py,559,full
src/pages/training_validation_presentation.py,559,top2
src/pages/training_validation_presentation.py,561,variant
src/pages/training_validation_presentation.py,561,fold_id
src/pages/training_validation_presentation.py,569,partition
src/pages/training_validation_presentation.py,571,EVALUATION_HOLDOUT
src/pages/training_validation_presentation.py,573,model_role_id
src/pages/training_validation_presentation.py,581,model_role_id
src/pages/training_validation_presentation.py,582,row_id
src/pages/training_validation_presentation.py,582,count
src/pages/training_validation_presentation.py,583,residual
src/pages/training_validation_presentation.py,583,mean
src/pages/training_validation_presentation.py,585,absolute_error
src/pages/training_validation_presentation.py,644,label
src/pages/training_validation_presentation.py,645,filename
src/pages/training_validation_presentation.py,646,mime
src/pages/training_validation_presentation.py,647,content
src/pages/training_validation_presentation.py,648,source_path
src/pages/training_validation_presentation.py,649,sha256
src/pages/training_validation_presentation.py,657,utf-8
src/pages/training_validation_presentation.py,708,object
src/pages/training_validation_presentation.py,747,available
src/pages/training_validation_presentation.py,756,Pipeline run
src/pages/training_validation_presentation.py,757,Audit status
src/pages/training_validation_presentation.py,758,Audit events
src/pages/training_validation_presentation.py,760,Audit `
src/pages/training_validation_presentation.py,760,` matches the current source data and required audit checks. The table is limited to model-related events.
src/pages/training_validation_presentation.py,769,relevant_event_count
src/pages/training_validation_presentation.py,774,downloads
src/pages/training_validation_presentation.py,100,run directory cannot be a symlink
src/pages/training_validation_presentation.py,102,manifest.json
src/pages/training_validation_presentation.py,105,manifest is missing or oversized
src/pages/training_validation_presentation.py,107,generated_at
src/pages/training_validation_presentation.py,109,run_id
src/pages/training_validation_presentation.py,110,run identity mismatch
src/pages/training_validation_presentation.py,143,path
src/pages/training_validation_presentation.py,212,counts
src/pages/training_validation_presentation.py,212,shares
src/pages/training_validation_presentation.py,215,period
src/pages/training_validation_presentation.py,215,partition
src/pages/training_validation_presentation.py,224,complete
src/pages/training_validation_presentation.py,228,scope
src/pages/training_validation_presentation.py,228,parent_fold_id
src/pages/training_validation_presentation.py,228,ordinal
src/pages/training_validation_presentation.py,228,first
src/pages/training_validation_presentation.py,232,outer_fold
src/pages/training_validation_presentation.py,232,inner_fold
src/pages/training_validation_presentation.py,256,fold_ordinal
src/pages/training_validation_presentation.py,256,model
src/pages/training_validation_presentation.py,265,OUTER_VALIDATION
src/pages/training_validation_presentation.py,282,completed
src/pages/training_validation_presentation.py,291,selected_family
src/pages/training_validation_presentation.py,294,lowest_mae_model
src/pages/training_validation_presentation.py,295,selected_family
src/pages/training_validation_presentation.py,296,selection_method
src/pages/training_validation_presentation.py,322,tuning_trial
src/pages/training_validation_presentation.py,323,Evaluate bounded tuning slot
src/pages/training_validation_presentation.py,324,tuning_trials.csv
src/pages/training_validation_presentation.py,340,fold_id
src/pages/training_validation_presentation.py,340,variant
src/pages/training_validation_presentation.py,348,OUTER_VALIDATION
src/pages/training_validation_presentation.py,351,completed
src/pages/training_validation_presentation.py,362,TRAIN
src/pages/training_validation_presentation.py,364,completed
src/pages/training_validation_presentation.py,378,completed
src/pages/training_validation_presentation.py,389,EVALUATION_HOLDOUT
src/pages/training_validation_presentation.py,395,completed
src/pages/training_validation_presentation.py,406,explainability
src/pages/training_validation_presentation.py,406,subgroup
src/pages/training_validation_presentation.py,425,completed
src/pages/training_validation_presentation.py,450,operational_status
src/pages/training_validation_presentation.py,450,not_assessed
src/pages/training_validation_presentation.py,451,deployment_review_eligible
src/pages/training_validation_presentation.py,451,not_eligible
src/pages/training_validation_presentation.py,460,execution_status
src/pages/training_validation_presentation.py,461,selected_model_id
src/pages/training_validation_presentation.py,462,scientific_outcome
src/pages/training_validation_presentation.py,463,next_action
src/pages/training_validation_presentation.py,512, run identity does not match the manifest
src/pages/training_validation_presentation.py,533,outer
src/pages/training_validation_presentation.py,534,inner
src/pages/training_validation_presentation.py,545,parent_population_rows
src/pages/training_validation_presentation.py,547,EVALUATION_HOLDOUT
src/pages/training_validation_presentation.py,547,INFERENCE_RESERVE
src/pages/training_validation_presentation.py,550,model
src/pages/training_validation_presentation.py,553,model
src/pages/training_validation_presentation.py,559,variant
src/pages/training_validation_presentation.py,562,full
src/pages/training_validation_presentation.py,562,top2
src/pages/training_validation_presentation.py,567,model_role_id
src/pages/training_validation_presentation.py,571,partition
src/pages/training_validation_presentation.py,575,train_MAE
src/pages/training_validation_presentation.py,575,validation_MAE
src/pages/training_validation_presentation.py,575,validation_RMSE
src/pages/training_validation_presentation.py,575,validation_MedAE
src/pages/training_validation_presentation.py,575,fit_wall_s
src/pages/training_validation_presentation.py,578,model_role_id
src/pages/training_validation_presentation.py,612,repeat
src/pages/training_validation_presentation.py,612,nunique
src/pages/training_validation_presentation.py,613,mae_increase
src/pages/training_validation_presentation.py,613,mean
src/pages/training_validation_presentation.py,614,mae_increase
src/pages/training_validation_presentation.py,614,std
src/pages/training_validation_presentation.py,615,mae_increase
src/pages/training_validation_presentation.py,615,min
src/pages/training_validation_presentation.py,616,mae_increase
src/pages/training_validation_presentation.py,616,max
src/pages/training_validation_presentation.py,621,kind
src/pages/training_validation_presentation.py,622,name
src/pages/training_validation_presentation.py,623,scoring
src/pages/training_validation_presentation.py,624,repeat_count
src/pages/training_validation_presentation.py,625,mae_increase_mean_usd
src/pages/training_validation_presentation.py,626,mae_increase_sd_usd
src/pages/training_validation_presentation.py,627,mae_increase_min_usd
src/pages/training_validation_presentation.py,628,mae_increase_max_usd
src/pages/training_validation_presentation.py,644,Download 
src/pages/training_validation_presentation.py,648,path
src/pages/training_validation_presentation.py,649,sha256
src/pages/training_validation_presentation.py,662,model_role_id
src/pages/training_validation_presentation.py,663,model_role_id
src/pages/training_validation_presentation.py,664,total_cv_fit_wall_s
src/pages/training_validation_presentation.py,698,utf-8
src/pages/training_validation_presentation.py,700,utf-8
src/pages/training_validation_presentation.py,748,Historical training audit unavailable: 
src/pages/training_validation_presentation.py,756,pipeline_run_id
src/pages/training_validation_presentation.py,757,training_status
src/pages/training_validation_presentation.py,758,event_count
src/pages/training_validation_presentation.py,767,event_preview
src/pages/training_validation_presentation.py,771,Preview shows 
src/pages/training_validation_presentation.py,771, of 
src/pages/training_validation_presentation.py,771, model-related events.
src/pages/training_validation_presentation.py,776,Download 
src/pages/training_validation_presentation.py,777,content
src/pages/training_validation_presentation.py,781,stretch
src/pages/training_validation_presentation.py,106,utf-8
src/pages/training_validation_presentation.py,115,run_id
src/pages/training_validation_presentation.py,116,reason_code
src/pages/training_validation_presentation.py,117,message
src/pages/training_validation_presentation.py,116,PACK_INCOMPATIBLE
src/pages/training_validation_presentation.py,117,The candidate pack failed integrity or schema validation.
src/pages/training_validation_presentation.py,212,counts
src/pages/training_validation_presentation.py,212,shares
src/pages/training_validation_presentation.py,221,partition
src/pages/training_validation_presentation.py,222,period
src/pages/training_validation_presentation.py,232,outer
src/pages/training_validation_presentation.py,235,fold_id
src/pages/training_validation_presentation.py,236,parent_fold_id
src/pages/training_validation_presentation.py,237,search_id
src/pages/training_validation_presentation.py,238,..
src/pages/training_validation_presentation.py,239,validation_period_min
src/pages/training_validation_presentation.py,248,row_overlap_count
src/pages/training_validation_presentation.py,249,shared_month_count
src/pages/training_validation_presentation.py,250,expanding_history_ok
src/pages/training_validation_presentation.py,252,complete
src/pages/training_validation_presentation.py,252,failed
src/pages/training_validation_presentation.py,262,model
src/pages/training_validation_presentation.py,263,configuration_id
src/pages/training_validation_presentation.py,264,fold_id
src/pages/training_validation_presentation.py,283,candidate_fold_metrics.csv#model=
src/pages/training_validation_presentation.py,283,&fold_id=
src/pages/training_validation_presentation.py,294,lowest_mae_model
src/pages/training_validation_presentation.py,295,selected_family
src/pages/training_validation_presentation.py,296,selection_method
src/pages/training_validation_presentation.py,306,rf-
src/pages/training_validation_presentation.py,308,winner
src/pages/training_validation_presentation.py,309,status
src/pages/training_validation_presentation.py,310,reason
src/pages/training_validation_presentation.py,311,actual_fit_count
src/pages/training_validation_presentation.py,312,tuning_summary.json#
src/pages/training_validation_presentation.py,319,search_id
src/pages/training_validation_presentation.py,319,trial_ordinal
src/pages/training_validation_presentation.py,346,final_
src/pages/training_validation_presentation.py,347,fold_id
src/pages/training_validation_presentation.py,349,params
src/pages/training_validation_presentation.py,352,variant_fold_metrics.csv#fold_id=
src/pages/training_validation_presentation.py,352,&variant=
src/pages/training_validation_presentation.py,363,selected_family
src/pages/training_validation_presentation.py,365,evaluation_declaration.json#final_variants=
src/pages/training_validation_presentation.py,374,model_role_id
src/pages/training_validation_presentation.py,375,partition
src/pages/training_validation_presentation.py,379,holdout_metrics.csv#model_role_id=
src/pages/training_validation_presentation.py,388,model_role_id
src/pages/training_validation_presentation.py,392,mean_residual
src/pages/training_validation_presentation.py,393,p90_absolute_error
src/pages/training_validation_presentation.py,396,holdout_predictions.csv#model_role_id=
src/pages/training_validation_presentation.py,406,subgroup_metrics.csv
src/pages/training_validation_presentation.py,409,completed
src/pages/training_validation_presentation.py,409,unavailable
src/pages/training_validation_presentation.py,411,rows
src/pages/training_validation_presentation.py,412,methods
src/pages/training_validation_presentation.py,413,repeat_count
src/pages/training_validation_presentation.py,414,small_sample_rows
src/pages/training_validation_presentation.py,424,model_role_id
src/pages/training_validation_presentation.py,427,uncertainty.json#model_role_id=
src/pages/training_validation_presentation.py,436,model_role_id
src/pages/training_validation_presentation.py,437,status
src/pages/training_validation_presentation.py,438,finding
src/pages/training_validation_presentation.py,439,decision
src/pages/training_validation_presentation.py,440,limitation
src/pages/training_validation_presentation.py,441,next_action
src/pages/training_validation_presentation.py,451,deployment_review_eligible
src/pages/training_validation_presentation.py,462,scientific_outcome
src/pages/training_validation_presentation.py,521,partition
src/pages/training_validation_presentation.py,522,counts
src/pages/training_validation_presentation.py,533,scope
src/pages/training_validation_presentation.py,534,scope
src/pages/training_validation_presentation.py,541,parent_fold_id
src/pages/training_validation_presentation.py,545,not_used_yet_rows
src/pages/training_validation_presentation.py,547,holdout_rows_excluded
src/pages/training_validation_presentation.py,547,reserve_rows_excluded
src/pages/training_validation_presentation.py,610,kind
src/pages/training_validation_presentation.py,610,name
src/pages/training_validation_presentation.py,610,scoring
src/pages/training_validation_presentation.py,698,training.log
src/pages/training_validation_presentation.py,700,report.md
src/pages/training_validation_presentation.py,737,_operation_order
src/pages/training_validation_presentation.py,737,_status_order
src/pages/training_validation_presentation.py,737,_model_order
src/pages/training_validation_presentation.py,760,audit_run_id
src/pages/training_validation_presentation.py,778,filename
src/pages/training_validation_presentation.py,779,mime
src/pages/training_validation_presentation.py,780,_historical_audit_
src/pages/training_validation_presentation.py,102,outputs/training_validation
src/pages/training_validation_presentation.py,223,row_count
src/pages/training_validation_presentation.py,240,parent_population_rows
src/pages/training_validation_presentation.py,241,train_rows
src/pages/training_validation_presentation.py,242,validation_rows
src/pages/training_validation_presentation.py,243,not_used_yet_rows
src/pages/training_validation_presentation.py,245,holdout_rows_excluded
src/pages/training_validation_presentation.py,246,reserve_rows_excluded
src/pages/training_validation_presentation.py,266,train_rows
src/pages/training_validation_presentation.py,267,validation_rows
src/pages/training_validation_presentation.py,311,actual_fit_count
src/pages/training_validation_presentation.py,325,search_id
src/pages/training_validation_presentation.py,326,trial_id
src/pages/training_validation_presentation.py,327,configuration_id
src/pages/training_validation_presentation.py,328,params
src/pages/training_validation_presentation.py,329,status
src/pages/training_validation_presentation.py,330,reused_from
src/pages/training_validation_presentation.py,332,mae_mean
src/pages/training_validation_presentation.py,333,mae_sd
src/pages/training_validation_presentation.py,334,r2_mean
src/pages/training_validation_presentation.py,335,rank
src/pages/training_validation_presentation.py,337,tuning_trials.csv#trial_id=
src/pages/training_validation_presentation.py,363,selected_family
src/pages/training_validation_presentation.py,376,rows
src/pages/training_validation_presentation.py,390,rows
src/pages/training_validation_presentation.py,392,mean_residual
src/pages/training_validation_presentation.py,393,p90_absolute_error
src/pages/training_validation_presentation.py,442,|
src/pages/training_validation_presentation.py,442,evidence_refs
src/pages/training_validation_presentation.py,525,row_id
src/pages/training_validation_presentation.py,525,source_position
src/pages/training_validation_presentation.py,545,train_rows
src/pages/training_validation_presentation.py,545,validation_rows
src/pages/training_validation_presentation.py,736,stable
src/pages/training_validation_presentation.py,748,reason
src/pages/training_validation_presentation.py,771,relevant_event_count
src/pages/training_validation_presentation.py,225,evidence_ref
src/pages/training_validation_presentation.py,225,monthly_row_counts.csv#period=
src/pages/training_validation_presentation.py,238,train_period_min
src/pages/training_validation_presentation.py,238,train_period_max
src/pages/training_validation_presentation.py,244,added_train_rows
src/pages/training_validation_presentation.py,244,added_train_rows
src/pages/training_validation_presentation.py,248,row_overlap_count
src/pages/training_validation_presentation.py,249,shared_month_count
src/pages/training_validation_presentation.py,252,chronological_order_ok
src/pages/training_validation_presentation.py,253,evidence_ref
src/pages/training_validation_presentation.py,253,fold_summary.csv#fold_id=
src/pages/training_validation_presentation.py,271,train_MAE
src/pages/training_validation_presentation.py,272,validation_MAE
src/pages/training_validation_presentation.py,273,validation_RMSE
src/pages/training_validation_presentation.py,274,validation_MedAE
src/pages/training_validation_presentation.py,275,validation_R2
src/pages/training_validation_presentation.py,276,fit_wall_s
src/pages/training_validation_presentation.py,277,fit_cpu_s
src/pages/training_validation_presentation.py,278,train_predict_wall_s
src/pages/training_validation_presentation.py,279,validation_predict_wall_s
src/pages/training_validation_presentation.py,283,model
src/pages/training_validation_presentation.py,283,fold_id
src/pages/training_validation_presentation.py,332,mae_mean
src/pages/training_validation_presentation.py,333,mae_sd
src/pages/training_validation_presentation.py,334,r2_mean
src/pages/training_validation_presentation.py,335,rank
src/pages/training_validation_presentation.py,346,variant
src/pages/training_validation_presentation.py,350,validation_MAE
src/pages/training_validation_presentation.py,350,validation_RMSE
src/pages/training_validation_presentation.py,350,validation_MedAE
src/pages/training_validation_presentation.py,350,validation_R2
src/pages/training_validation_presentation.py,352,fold_id
src/pages/training_validation_presentation.py,352,variant
src/pages/training_validation_presentation.py,377,MAE
src/pages/training_validation_presentation.py,377,RMSE
src/pages/training_validation_presentation.py,377,MedAE
src/pages/training_validation_presentation.py,377,R2
src/pages/training_validation_presentation.py,379,model_role_id
src/pages/training_validation_presentation.py,396,model_role_id
src/pages/training_validation_presentation.py,412,method
src/pages/training_validation_presentation.py,413,repeat
src/pages/training_validation_presentation.py,414,small_sample
src/pages/training_validation_presentation.py,427,model_role_id
src/pages/training_validation_presentation.py,528,row_count
src/pages/training_validation_presentation.py,586,linear
src/pages/training_validation_presentation.py,250,expanding_history_ok
src/pages/training_validation_presentation.py,250,expanding_history_ok
src/pages/training_validation_presentation.py,337,trial_id
src/pages/training_validation_presentation.py,528,partition
src/pages/training_validation_presentation.py,699,utf-8
src/pages/training_validation_presentation.py,727,operation
src/pages/training_validation_presentation.py,731,model
src/pages/training_validation_presentation.py,776,label
src/pages/training_validation_presentation.py,225,period
src/pages/training_validation_presentation.py,253,fold_id
src/pages/training_validation_presentation.py,699,events.jsonl
src/pages/training_validation_presentation.py,413,repeat
src/pages/training_validation_presentation.py,729,status
src/pages/training_validation_presentation.py,414,small_sample
src/pages/training_validation_presentation.py,412,method
